PLAYER_ID,PLAYER_NAME,TEAM_ID,TEAM_ABBREVIATION,GP,MIN,PTS,FGM,FGA,FG_PCT,FG3M,FG3A,FG3_PCT,FTM,FTA,FT_PCT,OREB,DREB,REB,AST,TOV,STL,BLK,PF,SEASON
200000,Player_0,1610612737,ATL,70,26.6,8.8,3.5,7.9,0.477,1.2,6.3,0.304,1.8,2.2,0.751,1.5,3.9,6.4,2.7,3.1,0.6,0.6,2.4,2022-23
200001,Player_1,1610612738,BOS,74,25.1,10.0,4.0,9.0,0.503,1.8,4.8,0.311,2.0,2.5,0.701,2.2,2.1,9.3,2.5,2.3,1.9,0.9,3.1,2022-23
200002,Player_2,1610612751,BKN,63,19.6,8.6,3.4,7.7,0.46,3.2,2.9,0.394,1.7,2.1,0.722,2.1,2.4,4.2,2.6,3.0,1.3,1.3,3.1,2022-23
200003,Player_3,1610612766,CHA,66,21.2,6.1,2.4,5.5,0.524,0.5,1.6,0.324,1.2,1.5,0.746,0.7,2.5,7.5,2.1,2.5,1.1,1.7,2.0,2022-23
200004,Player_4,1610612741,CHI,59,17.7,4.2,1.7,3.8,0.451,1.4,2.7,0.351,0.8,1.1,0.766,0.9,3.2,8.8,6.9,2.3,1.4,1.0,2.8,2022-23
200005,Player_5,1610612739,CLE,79,25.9,8.9,3.6,8.0,0.549,3.4,3.4,0.373,1.8,2.2,0.771,1.8,3.2,4.6,7.8,2.4,0.7,0.9,2.2,2022-23
200006,Player_6,1610612742,DAL,74,33.9,12.5,5.0,11.2,0.491,1.7,6.8,0.39,2.5,3.1,0.88,1.0,7.9,8.5,2.3,2.2,0.9,1.1,2.1,2022-23
200007,Player_7,1610612743,DEN,76,31.1,17.9,7.2,16.1,0.475,3.2,1.9,0.394,3.6,4.5,0.861,1.2,2.4,8.4,4.2,2.5,1.7,0.5,2.2,2022-23
200008,Player_8,1610612765,DET,76,21.7,8.1,3.2,7.3,0.517,2.3,4.6,0.347,1.6,2.0,0.759,0.5,2.3,9.4,1.9,2.5,0.8,1.3,2.9,2022-23
200009,Player_9,1610612744,GSW,77,19.0,6.5,2.6,5.9,0.541,1.3,3.8,0.41,1.3,1.6,0.858,0.8,5.5,4.9,4.1,2.7,0.8,0.3,3.5,2022-23
200010,Player_10,1610612745,HOU,60,28.0,10.4,4.2,9.4,0.478,0.6,6.4,0.32,2.1,2.6,0.888,2.2,5.9,3.7,3.4,3.4,0.9,2.0,3.1,2022-23
200011,Player_11,1610612754,IND,66,27.7,11.1,4.4,10.0,0.435,0.7,6.1,0.339,2.2,2.8,0.777,0.6,2.5,4.9,2.2,1.0,0.5,0.3,2.9,2022-23
200012,Player_12,1610612746,LAC,73,26.2,10.2,4.1,9.2,0.482,3.0,6.2,0.384,2.0,2.5,0.787,1.3,4.7,4.6,5.3,2.0,0.5,1.5,2.5,2022-23
200013,Player_13,1610612747,LAL,76,29.1,12.5,5.0,11.2,0.428,2.3,3.5,0.416,2.5,3.1,0.858,0.5,6.3,8.7,7.1,2.3,1.8,1.6,2.6,2022-23
200014,Player_14,1610612763,MEM,65,24.1,6.0,2.4,5.4,0.45,0.9,6.6,0.381,1.2,1.5,0.783,1.3,6.6,3.7,2.6,3.3,2.0,1.1,2.4,2022-23
200015,Player_15,1610612748,MIA,74,35.9,29.4,11.8,26.5,0.541,3.3,8.4,0.312,5.9,7.3,0.777,1.8,2.8,9.6,5.0,2.4,0.6,0.2,2.8,2022-23
200016,Player_16,1610612749,MIL,72,28.3,18.6,7.4,16.7,0.521,0.5,3.3,0.387,3.7,4.7,0.839,0.7,6.8,5.6,5.9,2.1,0.4,0.2,3.5,2022-23
200017,Player_17,1610612750,MIN,75,29.4,18.9,7.6,17.0,0.548,0.9,5.7,0.343,3.8,4.7,0.814,1.5,2.8,6.8,3.5,1.5,0.6,1.4,2.9,2022-23
200018,Player_18,1610612740,NOP,47,18.0,5.3,2.1,4.8,0.494,2.2,5.5,0.342,1.1,1.3,0.736,1.6,2.9,2.6,5.6,2.0,1.9,0.8,3.5,2022-23
200019,Player_19,1610612752,NYK,75,36.7,24.5,9.8,22.1,0.491,1.1,2.2,0.307,4.9,6.1,0.855,2.2,6.9,3.6,6.5,3.4,1.4,0.9,1.7,2022-23
200020,Player_20,1610612760,OKC,76,30.5,16.7,6.7,15.0,0.509,1.8,3.0,0.309,3.3,4.2,0.784,2.2,6.1,4.3,4.5,1.4,0.6,1.6,2.4,2022-23
200021,Player_21,1610612753,ORL,70,37.7,30.5,12.2,27.4,0.484,2.8,1.8,0.41,6.1,7.6,0.9,1.4,5.2,6.4,6.8,2.2,1.4,1.4,2.6,2022-23
200022,Player_22,1610612755,PHI,52,8.7,5.4,2.2,4.9,0.496,2.9,4.2,0.374,1.1,1.4,0.787,0.6,8.0,7.6,3.1,2.6,0.8,1.5,2.0,2022-23
200023,Player_23,1610612756,PHX,61,16.0,4.2,1.7,3.8,0.533,3.0,2.0,0.335,0.8,1.1,0.812,2.1,7.3,5.5,6.3,2.5,1.9,1.8,2.0,2022-23
200024,Player_24,1610612757,POR,70,31.1,14.2,5.7,12.8,0.467,3.3,7.2,0.34,2.8,3.5,0.788,1.9,7.6,8.3,7.9,3.5,0.7,0.2,3.2,2022-23
200025,Player_25,1610612758,SAC,45,8.6,3.8,1.5,3.4,0.435,1.0,2.1,0.314,0.8,0.9,0.841,0.4,7.2,8.8,5.3,3.3,0.5,0.7,2.5,2022-23
200026,Player_26,1610612759,SAS,80,33.0,17.0,6.8,15.3,0.459,1.0,7.3,0.343,3.4,4.2,0.831,0.5,4.9,4.7,5.7,2.5,1.1,1.9,2.6,2022-23
200027,Player_27,1610612761,TOR,81,34.2,28.2,11.3,25.4,0.516,0.5,5.2,0.413,5.6,7.0,0.86,0.9,6.1,8.3,5.5,3.2,0.8,1.5,2.7,2022-23
200028,Player_28,1610612762,UTA,43,12.3,4.7,1.9,4.2,0.503,3.4,4.0,0.379,0.9,1.2,0.857,2.2,6.6,5.6,1.1,2.4,1.3,1.0,2.8,2022-23
200029,Player_29,1610612764,WAS,67,35.2,31.3,12.5,28.2,0.446,2.3,7.3,0.319,6.3,7.8,0.836,0.6,6.3,7.7,7.0,2.6,0.5,1.7,2.8,2022-23
200030,Player_30,1610612737,ATL,75,33.3,19.5,7.8,17.6,0.497,2.5,7.8,0.343,3.9,4.9,0.836,1.9,4.2,5.7,4.0,1.9,1.3,0.3,3.5,2022-23
200031,Player_31,1610612738,BOS,81,29.7,16.3,6.5,14.7,0.547,3.4,4.8,0.373,3.3,4.1,0.864,0.6,4.3,4.8,4.4,3.0,1.4,0.4,1.9,2022-23
200032,Player_32,1610612751,BKN,80,28.2,13.7,5.5,12.3,0.53,2.2,7.3,0.42,2.7,3.4,0.816,1.7,7.2,6.5,1.4,1.7,1.5,1.5,3.5,2022-23
200033,Player_33,1610612766,CHA,60,27.5,6.4,2.6,5.8,0.504,1.3,3.3,0.368,1.3,1.6,0.706,0.9,3.4,5.5,1.3,1.7,0.7,0.6,3.2,2022-23
200034,Player_34,1610612741,CHI,63,9.0,3.8,1.5,3.4,0.528,1.4,4.9,0.343,0.8,0.9,0.895,2.2,3.6,7.5,5.4,2.1,1.5,1.7,3.4,2022-23
200035,Player_35,1610612739,CLE,71,25.4,9.9,4.0,8.9,0.527,0.6,6.7,0.321,2.0,2.5,0.78,2.1,6.8,5.9,1.2,1.8,0.9,0.6,1.8,2022-23
200036,Player_36,1610612742,DAL,76,32.4,15.3,6.1,13.8,0.493,3.0,8.3,0.348,3.1,3.8,0.869,2.1,3.4,2.9,7.5,3.5,1.4,0.8,2.8,2022-23
200037,Player_37,1610612743,DEN,66,34.8,30.0,12.0,27.0,0.537,2.2,5.2,0.374,6.0,7.5,0.899,0.7,3.3,7.8,6.8,3.3,1.7,1.1,2.9,2022-23
200038,Player_38,1610612765,DET,74,18.8,9.9,4.0,8.9,0.461,2.1,2.5,0.366,2.0,2.5,0.833,0.7,2.6,5.3,4.2,2.5,0.7,1.0,3.3,2022-23
200039,Player_39,1610612744,GSW,69,26.4,7.0,2.8,6.3,0.502,3.1,6.2,0.401,1.4,1.8,0.83,2.1,4.7,9.8,4.8,2.6,0.7,0.9,2.4,2022-23
200040,Player_40,1610612745,HOU,64,13.4,5.1,2.0,4.6,0.525,2.5,8.6,0.403,1.0,1.3,0.743,1.1,2.8,5.7,3.4,2.9,1.7,1.0,2.5,2022-23
200041,Player_41,1610612754,IND,65,17.3,4.1,1.6,3.7,0.479,3.3,7.4,0.415,0.8,1.0,0.742,1.8,7.5,2.5,1.7,1.1,1.0,1.8,2.5,2022-23
200042,Player_42,1610612746,LAC,79,35.4,25.7,10.3,23.1,0.446,2.6,7.9,0.362,5.1,6.4,0.823,1.5,6.6,6.4,7.6,3.1,1.6,0.8,2.7,2022-23
200043,Player_43,1610612747,LAL,74,31.2,15.2,6.1,13.7,0.432,1.4,8.4,0.373,3.0,3.8,0.739,2.1,7.4,6.7,4.0,1.8,0.7,0.3,1.9,2022-23
200044,Player_44,1610612763,MEM,75,27.8,6.3,2.5,5.7,0.465,1.8,8.9,0.342,1.3,1.6,0.731,1.3,3.2,6.9,3.7,1.5,0.9,1.9,2.3,2022-23
200045,Player_45,1610612748,MIA,42,13.6,4.2,1.7,3.8,0.547,2.1,7.9,0.383,0.8,1.1,0.797,1.8,2.7,2.9,3.5,1.3,1.8,0.7,2.8,2022-23
200046,Player_46,1610612749,MIL,40,15.1,2.2,0.9,2.0,0.532,3.5,3.2,0.319,0.4,0.6,0.8,2.4,3.8,4.9,5.3,2.7,1.3,0.6,3.3,2022-23
200047,Player_47,1610612750,MIN,63,22.8,11.7,4.7,10.5,0.468,2.1,3.0,0.349,2.3,2.9,0.721,2.3,7.7,5.9,7.3,1.3,0.5,0.8,2.0,2022-23
200048,Player_48,1610612740,NOP,76,32.9,18.2,7.3,16.4,0.514,1.4,6.7,0.391,3.6,4.5,0.889,0.5,7.1,3.7,4.0,0.8,1.9,1.9,3.4,2022-23
200049,Player_49,1610612752,NYK,81,35.6,26.5,10.6,23.9,0.522,2.4,4.4,0.417,5.3,6.6,0.842,1.4,5.1,3.1,3.7,1.2,1.6,1.8,3.4,2022-23
200050,Player_50,1610612760,OKC,62,13.1,2.9,1.2,2.6,0.504,3.5,3.4,0.37,0.6,0.7,0.754,1.8,3.7,7.9,5.5,1.3,0.8,1.1,2.9,2022-23
200051,Player_51,1610612753,ORL,71,28.7,14.3,5.7,12.9,0.476,1.2,3.7,0.375,2.9,3.6,0.835,0.4,4.0,5.2,7.1,2.0,0.9,0.5,3.2,2022-23
200052,Player_52,1610612755,PHI,63,16.9,5.9,2.4,5.3,0.484,2.7,6.0,0.39,1.2,1.5,0.841,1.3,4.8,7.4,7.1,2.0,1.0,1.7,2.1,2022-23
200053,Player_53,1610612756,PHX,52,11.6,4.2,1.7,3.8,0.491,1.5,7.3,0.418,0.8,1.1,0.864,0.6,4.0,6.4,7.2,2.1,0.9,1.6,3.0,2022-23
200054,Player_54,1610612757,POR,80,31.0,13.3,5.3,12.0,0.456,2.4,4.7,0.303,2.7,3.3,0.794,1.7,7.2,4.7,5.1,3.3,1.4,1.8,2.7,2022-23
200055,Player_55,1610612758,SAC,71,25.5,10.3,4.1,9.3,0.504,2.6,2.7,0.336,2.1,2.6,0.879,0.8,5.8,2.9,6.8,2.4,1.2,1.5,3.0,2022-23
200056,Player_56,1610612759,SAS,72,33.5,19.8,7.9,17.8,0.463,1.6,7.4,0.34,4.0,5.0,0.834,1.7,5.4,7.2,2.6,1.2,0.9,1.1,2.6,2022-23
200057,Player_57,1610612761,TOR,81,28.6,17.6,7.0,15.8,0.523,3.2,5.0,0.414,3.5,4.4,0.897,1.3,7.0,7.5,2.4,1.9,1.5,0.5,2.1,2022-23
200058,Player_58,1610612762,UTA,73,28.0,15.3,6.1,13.8,0.447,3.3,7.8,0.363,3.1,3.8,0.718,2.4,4.3,8.3,2.6,2.5,1.1,1.1,1.9,2022-23
200059,Player_59,1610612764,WAS,50,12.1,4.8,1.9,4.3,0.427,1.7,3.2,0.401,1.0,1.2,0.759,1.6,5.9,7.1,5.3,2.9,1.1,0.5,2.5,2022-23
200060,Player_60,1610612737,ATL,69,34.4,29.8,11.9,26.8,0.466,3.1,7.3,0.404,6.0,7.5,0.899,1.5,2.9,6.2,7.0,1.6,1.3,0.5,1.8,2022-23
200061,Player_61,1610612738,BOS,75,20.6,11.7,4.7,10.5,0.522,1.3,3.3,0.397,2.3,2.9,0.714,1.0,5.1,4.5,1.7,3.2,1.1,0.5,3.4,2022-23
200062,Player_62,1610612751,BKN,49,8.4,3.1,1.2,2.8,0.433,1.8,5.7,0.307,0.6,0.8,0.896,1.4,5.9,4.5,5.2,2.1,1.8,0.6,1.5,2022-23
200063,Player_63,1610612766,CHA,74,30.6,13.8,5.5,12.4,0.456,1.4,3.0,0.309,2.8,3.5,0.855,0.4,5.8,9.0,3.6,2.4,1.4,0.4,1.9,2022-23
200064,Player_64,1610612741,CHI,75,32.0,12.9,5.2,11.6,0.469,3.1,8.6,0.359,2.6,3.2,0.869,2.3,3.9,2.7,6.1,1.6,0.4,0.9,2.5,2022-23
200065,Player_65,1610612739,CLE,76,33.1,14.2,5.7,12.8,0.523,1.5,3.8,0.396,2.8,3.5,0.882,1.9,4.0,9.5,6.2,2.5,1.2,1.3,1.6,2022-23
200066,Player_66,1610612742,DAL,72,22.1,7.7,3.1,6.9,0.459,1.1,3.1,0.416,1.5,1.9,0.731,1.9,7.6,9.2,4.8,1.8,1.2,0.2,2.8,2022-23
200067,Player_67,1610612743,DEN,63,27.8,8.6,3.4,7.7,0.496,2.2,2.3,0.357,1.7,2.1,0.71,1.2,2.1,3.6,4.2,2.8,1.2,1.2,2.3,2022-23
200068,Player_68,1610612765,DET,81,27.1,10.9,4.4,9.8,0.518,0.8,2.6,0.36,2.2,2.7,0.835,0.6,4.4,6.9,2.4,2.7,0.9,0.7,1.6,2022-23
200069,Player_69,1610612744,GSW,66,19.2,7.3,2.9,6.6,0.515,1.3,1.7,0.373,1.5,1.8,0.816,2.2,3.0,9.6,1.4,2.3,1.6,1.6,2.8,2022-23
200070,Player_70,1610612745,HOU,43,14.6,3.7,1.5,3.3,0.466,0.9,5.8,0.406,0.7,0.9,0.772,1.8,3.5,6.7,2.0,0.8,2.0,1.7,2.8,2022-23
200071,Player_71,1610612754,IND,77,28.6,18.0,7.2,16.2,0.524,2.5,7.2,0.309,3.6,4.5,0.708,1.2,6.7,4.8,6.2,1.0,1.4,1.9,2.4,2022-23
200072,Player_72,1610612746,LAC,71,37.5,29.8,11.9,26.8,0.468,1.5,2.3,0.337,6.0,7.5,0.785,1.2,3.2,6.7,4.8,1.8,1.9,1.9,2.9,2022-23
200073,Player_73,1610612747,LAL,75,32.3,19.5,7.8,17.6,0.534,1.0,6.5,0.333,3.9,4.9,0.81,0.9,5.5,5.7,5.1,1.0,0.4,1.6,2.1,2022-23
200074,Player_74,1610612763,MEM,75,24.6,6.2,2.5,5.6,0.512,3.1,8.0,0.324,1.2,1.6,0.816,0.3,2.5,5.6,1.3,1.7,1.4,1.7,2.4,2022-23
200075,Player_75,1610612748,MIA,81,26.7,6.0,2.4,5.4,0.479,1.4,2.8,0.387,1.2,1.5,0.782,1.0,5.5,8.6,6.0,3.0,1.2,1.2,1.5,2022-23
200076,Player_76,1610612749,MIL,75,24.2,10.8,4.3,9.7,0.439,3.2,7.1,0.408,2.2,2.7,0.758,1.6,6.8,5.6,3.4,1.9,1.4,0.9,1.9,2022-23
200077,Player_77,1610612750,MIN,80,27.0,6.4,2.6,5.8,0.548,2.8,7.5,0.401,1.3,1.6,0.735,0.8,6.9,5.6,6.5,1.2,0.5,0.9,2.0,2022-23
200078,Player_78,1610612740,NOP,43,14.5,5.7,2.3,5.1,0.422,2.8,8.0,0.414,1.1,1.4,0.844,0.4,4.9,6.2,1.3,3.3,1.6,0.6,2.8,2022-23
200079,Player_79,1610612752,NYK,63,16.7,5.4,2.2,4.9,0.5,0.8,3.5,0.364,1.1,1.4,0.774,1.9,2.7,9.6,3.4,2.2,0.9,1.6,1.8,2022-23
200080,Player_80,1610612760,OKC,77,28.3,16.9,6.8,15.2,0.511,3.4,8.8,0.331,3.4,4.2,0.834,0.5,6.3,5.0,2.5,0.8,1.2,0.5,2.7,2022-23
200081,Player_81,1610612753,ORL,62,20.4,9.7,3.9,8.7,0.522,3.5,4.3,0.346,1.9,2.4,0.873,0.7,4.1,4.6,1.9,2.3,1.4,1.8,2.8,2022-23
200082,Player_82,1610612755,PHI,69,34.2,24.4,9.8,22.0,0.453,2.8,1.9,0.373,4.9,6.1,0.819,1.4,2.1,8.7,3.6,2.0,1.5,1.4,2.1,2022-23
200083,Player_83,1610612756,PHX,75,37.0,30.4,12.2,27.4,0.542,1.1,2.3,0.42,6.1,7.6,0.874,0.4,4.0,6.4,5.4,1.9,0.5,1.1,2.6,2022-23
200084,Player_84,1610612757,POR,73,31.1,13.3,5.3,12.0,0.451,2.7,5.7,0.389,2.7,3.3,0.79,0.5,5.0,7.0,6.4,2.4,1.7,1.1,2.7,2022-23
200085,Player_85,1610612758,SAC,77,34.7,30.9,12.4,27.8,0.478,3.2,3.8,0.417,6.2,7.7,0.847,1.7,7.6,6.5,3.5,2.7,0.8,1.1,3.3,2022-23
200086,Player_86,1610612759,SAS,74,21.4,8.5,3.4,7.7,0.455,2.9,6.2,0.415,1.7,2.1,0.885,1.0,6.9,2.9,3.3,2.9,0.5,1.3,3.0,2022-23
200087,Player_87,1610612761,TOR,66,19.6,10.7,4.3,9.6,0.519,2.3,2.2,0.411,2.1,2.7,0.734,1.6,3.2,8.6,5.1,1.9,1.6,0.8,1.5,2022-23
200088,Player_88,1610612762,UTA,80,34.9,24.5,9.8,22.1,0.444,2.3,7.4,0.389,4.9,6.1,0.765,1.3,2.5,3.2,2.7,1.2,0.5,0.7,2.6,2022-23
200089,Player_89,1610612764,WAS,79,32.9,14.2,5.7,12.8,0.424,0.7,8.5,0.343,2.8,3.5,0.705,1.2,6.6,9.3,5.9,1.5,2.0,0.5,2.2,2022-23
200090,Player_90,1610612737,ATL,77,28.7,15.9,6.4,14.3,0.503,1.9,2.2,0.391,3.2,4.0,0.886,1.1,3.4,9.7,2.0,2.1,1.5,0.3,3.1,2022-23
200091,Player_91,1610612738,BOS,65,20.1,10.5,4.2,9.5,0.549,1.6,1.7,0.343,2.1,2.6,0.776,2.2,3.7,8.5,1.8,2.2,1.1,0.8,3.1,2022-23
200092,Player_92,1610612751,BKN,62,21.6,11.7,4.7,10.5,0.451,2.5,6.4,0.376,2.3,2.9,0.844,0.5,3.7,6.8,4.1,2.2,0.7,1.3,2.2,2022-23
200093,Player_93,1610612766,CHA,73,28.0,9.5,3.8,8.6,0.427,1.2,3.4,0.303,1.9,2.4,0.884,1.7,6.9,6.9,7.0,2.5,0.5,0.3,2.4,2022-23
200094,Player_94,1610612741,CHI,78,27.0,11.1,4.4,10.0,0.434,2.8,4.1,0.403,2.2,2.8,0.865,1.7,7.5,6.6,2.7,2.6,0.7,1.6,3.3,2022-23
200095,Player_95,1610612739,CLE,77,27.5,8.9,3.6,8.0,0.48,2.1,6.9,0.353,1.8,2.2,0.781,2.2,4.2,9.9,3.4,2.8,1.2,0.3,3.1,2022-23
200096,Player_96,1610612742,DAL,41,17.2,5.0,2.0,4.5,0.46,3.5,5.3,0.332,1.0,1.2,0.773,2.4,6.3,3.4,2.8,1.1,1.8,0.9,3.5,2022-23
200097,Player_97,1610612743,DEN,54,14.9,4.6,1.8,4.1,0.474,1.6,8.4,0.348,0.9,1.1,0.893,2.0,3.4,5.1,2.0,1.2,1.3,0.7,3.4,2022-23
200098,Player_98,1610612765,DET,74,28.7,12.4,5.0,11.2,0.488,0.6,4.1,0.389,2.5,3.1,0.72,0.5,3.9,3.3,3.7,2.7,2.0,0.3,2.7,2022-23
200099,Player_99,1610612744,GSW,81,34.0,15.5,6.2,14.0,0.499,1.0,5.3,0.4,3.1,3.9,0.815,1.9,6.6,5.9,5.7,1.1,1.0,1.1,3.0,2022-23
200100,Player_100,1610612745,HOU,63,20.8,11.7,4.7,10.5,0.446,1.6,5.5,0.337,2.3,2.9,0.873,1.8,3.6,8.2,5.0,2.7,1.9,0.6,3.3,2022-23
200101,Player_101,1610612754,IND,69,27.1,7.3,2.9,6.6,0.447,1.3,7.0,0.413,1.5,1.8,0.748,2.3,2.4,3.4,3.5,2.4,1.3,0.3,1.6,2022-23
200102,Player_102,1610612746,LAC,60,22.8,8.7,3.5,7.8,0.55,2.3,8.4,0.344,1.7,2.2,0.812,1.2,2.7,5.8,2.6,1.5,1.6,0.8,3.0,2022-23
200103,Player_103,1610612747,LAL,62,10.4,3.3,1.3,3.0,0.495,2.9,2.7,0.379,0.7,0.8,0.844,0.6,2.9,9.6,2.3,2.7,1.3,1.7,1.6,2022-23
200104,Player_104,1610612763,MEM,75,37.5,30.0,12.0,27.0,0.47,1.8,7.3,0.362,6.0,7.5,0.837,2.4,3.6,3.7,6.9,2.7,1.2,1.2,3.3,2022-23
200105,Player_105,1610612748,MIA,69,15.2,2.0,0.8,1.8,0.444,1.0,2.4,0.351,0.4,0.5,0.856,1.5,4.3,6.8,3.5,2.2,1.2,1.8,2.6,2022-23
200106,Player_106,1610612749,MIL,81,21.6,7.8,3.1,7.0,0.499,1.4,2.0,0.373,1.6,1.9,0.717,0.7,3.3,7.3,3.8,2.8,0.8,1.8,1.9,2022-23
200107,Player_107,1610612750,MIN,72,34.5,27.6,11.0,24.8,0.546,2.9,5.0,0.387,5.5,6.9,0.785,0.3,6.8,8.2,7.4,1.1,1.7,1.7,2.2,2022-23
200108,Player_108,1610612740,NOP,72,21.5,8.5,3.4,7.7,0.487,2.2,6.0,0.383,1.7,2.1,0.759,0.7,5.2,5.7,6.0,2.3,1.5,0.5,3.5,2022-23
200109,Player_109,1610612752,NYK,70,32.3,15.2,6.1,13.7,0.527,2.2,8.1,0.365,3.0,3.8,0.705,1.4,7.4,4.4,3.2,0.9,1.8,1.8,1.8,2022-23
200110,Player_110,1610612760,OKC,72,29.3,16.3,6.5,14.7,0.472,2.2,1.7,0.405,3.3,4.1,0.845,0.5,5.5,3.5,5.8,1.3,0.8,1.7,2.1,2022-23
200111,Player_111,1610612753,ORL,60,11.2,5.0,2.0,4.5,0.421,2.2,7.7,0.401,1.0,1.2,0.824,1.1,7.8,9.9,1.2,1.2,2.0,2.0,3.4,2022-23
200112,Player_112,1610612755,PHI,73,34.3,29.2,11.7,26.3,0.547,3.1,2.4,0.365,5.8,7.3,0.728,0.6,2.8,3.2,2.4,3.3,1.0,1.7,1.6,2022-23
200113,Player_113,1610612756,PHX,63,27.2,9.5,3.8,8.6,0.518,2.9,5.4,0.327,1.9,2.4,0.769,1.5,4.9,7.8,2.8,1.6,1.8,1.5,2.2,2022-23
200114,Player_114,1610612757,POR,63,21.5,6.2,2.5,5.6,0.458,2.2,6.3,0.416,1.2,1.6,0.822,0.9,6.7,5.4,1.8,2.4,1.3,0.3,1.9,2022-23
200115,Player_115,1610612758,SAC,79,34.0,15.5,6.2,14.0,0.46,3.4,5.5,0.401,3.1,3.9,0.897,2.1,7.0,9.6,2.5,3.1,0.7,1.2,1.7,2022-23
200116,Player_116,1610612759,SAS,77,33.0,13.2,5.3,11.9,0.446,3.1,6.3,0.309,2.6,3.3,0.763,0.6,2.6,7.6,1.9,1.2,1.6,1.9,2.0,2022-23
200117,Player_117,1610612761,TOR,59,11.6,3.1,1.2,2.8,0.516,3.5,7.3,0.353,0.6,0.8,0.722,1.7,7.1,8.7,6.0,2.8,0.6,0.4,2.7,2022-23
200118,Player_118,1610612762,UTA,65,36.9,25.5,10.2,22.9,0.441,2.9,8.4,0.33,5.1,6.4,0.802,2.2,6.8,8.9,3.3,1.6,1.6,1.1,3.2,2022-23
200119,Player_119,1610612764,WAS,80,26.3,8.1,3.2,7.3,0.435,2.1,5.8,0.307,1.6,2.0,0.703,0.7,7.0,7.3,2.3,2.4,1.4,1.0,2.6,2022-23
200120,Player_120,1610612737,ATL,75,26.6,11.4,4.6,10.3,0.531,2.4,7.1,0.406,2.3,2.9,0.876,2.1,5.3,3.9,6.9,2.8,1.6,0.4,3.2,2022-23
200121,Player_121,1610612738,BOS,80,22.8,8.4,3.4,7.6,0.426,0.9,7.6,0.374,1.7,2.1,0.711,1.8,4.3,5.9,2.6,1.3,1.1,1.3,1.9,2022-23
200122,Player_122,1610612751,BKN,70,22.8,9.5,3.8,8.6,0.458,0.8,8.6,0.408,1.9,2.4,0.886,1.5,3.6,5.0,5.2,2.7,1.4,0.5,3.3,2022-23
200123,Player_123,1610612766,CHA,68,24.2,11.2,4.5,10.1,0.431,1.4,2.9,0.415,2.2,2.8,0.78,2.3,4.0,3.4,6.7,2.1,1.8,1.2,1.7,2022-23
200124,Player_124,1610612741,CHI,71,35.3,25.3,10.1,22.8,0.532,3.1,4.9,0.379,5.1,6.3,0.726,2.4,4.0,7.4,4.9,2.9,2.0,1.0,2.1,2022-23
200125,Player_125,1610612739,CLE,75,29.9,18.3,7.3,16.5,0.544,3.3,6.7,0.312,3.7,4.6,0.79,2.3,5.0,9.9,2.3,2.4,0.7,1.6,3.3,2022-23
200126,Player_126,1610612742,DAL,66,34.2,27.4,11.0,24.7,0.468,2.2,7.9,0.414,5.5,6.8,0.754,0.8,2.9,2.6,4.7,2.2,0.5,0.2,2.3,2022-23
200127,Player_127,1610612743,DEN,78,36.0,24.5,9.8,22.1,0.507,1.0,6.5,0.342,4.9,6.1,0.717,1.1,7.2,4.0,4.4,1.7,1.7,1.3,2.3,2022-23
200128,Player_128,1610612765,DET,61,20.5,11.4,4.6,10.3,0.531,1.9,1.9,0.409,2.3,2.9,0.826,0.9,6.2,4.5,3.7,1.8,1.6,0.4,2.1,2022-23
200129,Player_129,1610612744,GSW,40,17.7,5.5,2.2,5.0,0.435,3.4,3.7,0.387,1.1,1.4,0.889,2.1,4.3,7.1,4.0,1.6,1.6,2.0,2.4,2022-23
200130,Player_130,1610612745,HOU,75,27.8,8.6,3.4,7.7,0.485,2.8,2.6,0.304,1.7,2.1,0.802,1.8,2.6,4.5,7.9,1.3,0.7,0.9,3.5,2022-23
200131,Player_131,1610612754,IND,79,29.1,13.6,5.4,12.2,0.529,2.6,8.1,0.408,2.7,3.4,0.858,1.7,6.6,9.7,6.0,2.8,0.9,1.1,3.4,2022-23
200132,Player_132,1610612746,LAC,53,9.0,2.6,1.0,2.3,0.443,3.4,7.2,0.401,0.5,0.7,0.831,2.0,3.4,9.9,5.1,1.7,2.0,0.2,2.9,2022-23
200133,Player_133,1610612747,LAL,61,16.1,2.3,0.9,2.1,0.459,0.8,7.3,0.411,0.5,0.6,0.786,1.6,4.4,8.2,7.0,2.4,1.2,1.5,2.4,2022-23
200134,Player_134,1610612763,MEM,68,19.8,9.1,3.6,8.2,0.454,1.3,1.6,0.399,1.8,2.3,0.706,2.0,3.0,9.5,6.6,1.1,1.7,0.8,3.3,2022-23
200135,Player_135,1610612748,MIA,61,18.2,10.4,4.2,9.4,0.42,0.6,5.6,0.394,2.1,2.6,0.71,0.9,4.8,6.3,5.7,1.0,1.6,0.5,2.3,2022-23
200136,Player_136,1610612749,MIL,78,29.3,15.9,6.4,14.3,0.5,2.4,6.9,0.325,3.2,4.0,0.813,1.5,5.9,8.4,7.3,1.1,0.6,0.4,3.3,2022-23
200137,Player_137,1610612750,MIN,75,30.2,17.3,6.9,15.6,0.501,1.8,2.2,0.369,3.5,4.3,0.877,1.4,7.4,6.8,5.7,1.7,1.1,1.3,3.1,2022-23
200138,Player_138,1610612740,NOP,60,27.5,9.9,4.0,8.9,0.536,1.8,2.9,0.313,2.0,2.5,0.896,2.4,7.9,7.0,4.5,2.6,0.9,0.8,2.6,2022-23
200139,Player_139,1610612752,NYK,66,11.4,5.8,2.3,5.2,0.437,0.9,8.7,0.412,1.2,1.4,0.724,2.3,4.9,8.8,3.0,2.7,1.8,1.6,2.2,2022-23
200140,Player_140,1610612760,OKC,75,35.5,30.8,12.3,27.7,0.422,3.4,2.5,0.378,6.2,7.7,0.862,0.5,5.4,9.7,7.4,1.5,1.9,1.9,2.4,2022-23
200141,Player_141,1610612753,ORL,76,30.7,12.5,5.0,11.2,0.454,0.5,2.5,0.329,2.5,3.1,0.763,1.2,6.3,8.4,3.5,3.3,0.7,0.8,1.8,2022-23
200142,Player_142,1610612755,PHI,60,24.8,7.3,2.9,6.6,0.447,1.9,7.3,0.319,1.5,1.8,0.743,1.6,6.9,6.7,5.3,3.4,1.7,1.0,1.7,2022-23
200143,Player_143,1610612756,PHX,64,12.3,5.2,2.1,4.7,0.515,1.1,2.8,0.394,1.0,1.3,0.812,1.3,4.2,7.9,3.8,0.8,0.9,1.8,2.2,2022-23
200144,Player_144,1610612757,POR,65,35.1,29.8,11.9,26.8,0.524,0.5,2.7,0.324,6.0,7.5,0.838,0.5,6.2,4.9,4.6,3.0,1.1,0.5,1.8,2022-23
200145,Player_145,1610612758,SAC,77,31.8,13.2,5.3,11.9,0.512,2.3,4.2,0.372,2.6,3.3,0.873,0.4,2.6,9.8,6.4,1.0,1.9,1.9,2.9,2022-23
200146,Player_146,1610612759,SAS,53,12.0,3.4,1.4,3.1,0.539,3.3,6.0,0.409,0.7,0.8,0.871,1.2,6.2,3.9,2.0,2.6,1.1,1.5,3.1,2022-23
200147,Player_147,1610612761,TOR,62,27.1,11.7,4.7,10.5,0.438,0.9,5.5,0.356,2.3,2.9,0.877,1.1,4.7,9.1,4.9,2.4,0.6,0.3,3.1,2022-23
200148,Player_148,1610612762,UTA,74,33.1,16.0,6.4,14.4,0.541,2.5,2.0,0.315,3.2,4.0,0.863,2.5,3.0,6.7,4.0,1.8,1.6,0.2,2.9,2022-23
200149,Player_149,1610612764,WAS,73,30.3,15.2,6.1,13.7,0.544,2.5,4.5,0.314,3.0,3.8,0.72,1.8,3.0,7.6,7.7,2.8,1.1,1.4,1.8,2022-23
200150,Player_150,1610612737,ATL,76,30.0,16.3,6.5,14.7,0.442,2.9,4.3,0.327,3.3,4.1,0.799,1.6,5.0,3.0,3.3,1.4,1.7,1.9,2.8,2022-23
200151,Player_151,1610612738,BOS,64,8.5,5.2,2.1,4.7,0.512,1.3,3.9,0.391,1.0,1.3,0.886,0.8,6.6,8.0,6.5,2.1,0.5,0.4,2.3,2022-23
200152,Player_152,1610612751,BKN,75,25.9,11.0,4.4,9.9,0.527,2.2,1.5,0.376,2.2,2.8,0.873,1.4,5.7,9.0,7.2,2.8,0.8,0.4,2.1,2022-23
200153,Player_153,1610612766,CHA,47,16.1,4.0,1.6,3.6,0.531,1.4,8.8,0.369,0.8,1.0,0.877,0.3,4.0,5.4,5.6,2.3,1.5,1.0,2.0,2022-23
200154,Player_154,1610612741,CHI,67,16.4,2.8,1.1,2.5,0.456,2.2,7.0,0.405,0.6,0.7,0.867,2.1,2.4,9.8,4.7,1.6,0.7,1.9,1.6,2022-23
200155,Player_155,1610612739,CLE,41,17.8,2.9,1.2,2.6,0.437,0.5,1.6,0.411,0.6,0.7,0.853,2.3,2.2,3.0,8.0,2.1,0.6,1.0,1.7,2022-23
200156,Player_156,1610612742,DAL,56,10.0,4.9,2.0,4.4,0.514,2.7,3.8,0.309,1.0,1.2,0.876,2.3,5.3,9.0,4.8,1.5,1.5,1.2,3.3,2022-23
200157,Player_157,1610612743,DEN,63,9.7,3.8,1.5,3.4,0.45,2.2,6.5,0.402,0.8,0.9,0.741,2.1,5.1,6.5,7.6,1.8,0.4,0.7,3.0,2022-23
200158,Player_158,1610612765,DET,50,12.7,4.0,1.6,3.6,0.528,1.7,3.4,0.387,0.8,1.0,0.803,0.5,6.1,5.6,7.0,3.3,1.9,2.0,3.2,2022-23
200159,Player_159,1610612744,GSW,78,29.2,14.1,5.6,12.7,0.503,2.2,4.6,0.392,2.8,3.5,0.781,1.3,4.0,6.0,1.9,3.3,1.6,1.2,3.2,2022-23
200160,Player_160,1610612745,HOU,74,32.6,13.1,5.2,11.8,0.521,2.9,8.4,0.338,2.6,3.3,0.71,1.4,2.5,6.4,7.1,2.2,0.7,0.6,3.2,2022-23
200161,Player_161,1610612754,IND,40,15.6,3.9,1.6,3.5,0.533,1.1,3.3,0.365,0.8,1.0,0.793,0.6,6.2,6.8,7.4,3.4,1.0,0.9,3.2,2022-23
200162,Player_162,1610612746,LAC,81,28.1,12.3,4.9,11.1,0.477,2.4,2.5,0.305,2.5,3.1,0.877,1.9,6.5,6.0,5.4,2.5,2.0,1.0,2.3,2022-23
200163,Player_163,1610612747,LAL,68,24.0,10.1,4.0,9.1,0.478,1.2,3.3,0.403,2.0,2.5,0.744,2.2,3.1,6.6,4.3,2.9,1.8,0.7,2.4,2022-23
200164,Player_164,1610612763,MEM,81,29.5,14.7,5.9,13.2,0.477,1.3,2.3,0.342,2.9,3.7,0.88,1.9,2.8,2.6,5.2,3.4,0.9,0.9,3.1,2022-23
200165,Player_165,1610612748,MIA,78,28.2,16.3,6.5,14.7,0.422,1.6,2.1,0.306,3.3,4.1,0.701,0.3,5.5,2.6,1.5,1.9,1.1,0.7,2.8,2022-23
200166,Player_166,1610612749,MIL,66,36.8,26.3,10.5,23.7,0.512,0.5,6.8,0.394,5.3,6.6,0.839,2.0,7.0,6.0,3.6,2.6,1.3,1.5,3.1,2022-23
200167,Player_167,1610612750,MIN,77,36.3,28.8,11.5,25.9,0.537,1.2,8.2,0.39,5.8,7.2,0.749,1.8,6.0,5.0,3.6,1.0,1.2,2.0,1.6,2022-23
200168,Player_168,1610612740,NOP,72,18.4,6.1,2.4,5.5,0.511,2.3,5.3,0.392,1.2,1.5,0.734,2.3,6.3,8.3,1.3,2.3,1.2,1.7,3.1,2022-23
200169,Player_169,1610612752,NYK,80,29.6,13.1,5.2,11.8,0.47,3.3,4.4,0.419,2.6,3.3,0.758,1.2,3.9,9.9,4.0,3.0,0.7,0.4,3.3,2022-23
200170,Player_170,1610612760,OKC,79,30.5,17.7,7.1,15.9,0.5,2.7,7.2,0.321,3.5,4.4,0.771,1.0,5.7,2.9,2.1,0.8,1.0,1.0,1.9,2022-23
200171,Player_171,1610612753,ORL,70,29.5,15.4,6.2,13.9,0.54,3.1,1.9,0.325,3.1,3.9,0.841,0.4,7.5,2.6,4.8,1.9,1.2,1.5,1.6,2022-23
200172,Player_172,1610612755,PHI,68,25.0,11.0,4.4,9.9,0.444,2.6,4.2,0.396,2.2,2.8,0.705,0.3,5.0,3.4,6.8,1.0,1.9,0.7,3.3,2022-23
200173,Player_173,1610612756,PHX,70,29.3,15.3,6.1,13.8,0.498,2.9,7.0,0.416,3.1,3.8,0.882,0.6,5.8,6.1,2.3,2.8,1.2,1.5,1.6,2022-23
200174,Player_174,1610612757,POR,72,28.1,15.5,6.2,14.0,0.529,1.9,6.9,0.32,3.1,3.9,0.777,2.1,2.3,4.9,4.6,2.5,0.6,1.9,3.0,2022-23
200175,Player_175,1610612758,SAC,80,37.6,27.6,11.0,24.8,0.534,0.9,5.3,0.355,5.5,6.9,0.784,1.1,7.2,8.4,2.3,2.9,1.5,0.3,1.7,2022-23
200176,Player_176,1610612759,SAS,68,18.0,4.1,1.6,3.7,0.52,1.5,3.0,0.301,0.8,1.0,0.731,2.2,6.3,8.9,6.9,3.4,1.5,1.2,2.7,2022-23
200177,Player_177,1610612761,TOR,73,24.8,8.7,3.5,7.8,0.441,0.8,3.1,0.393,1.7,2.2,0.751,2.2,3.7,7.1,7.1,3.1,1.7,1.7,2.9,2022-23
200178,Player_178,1610612762,UTA,63,25.8,11.7,4.7,10.5,0.45,1.5,2.2,0.406,2.3,2.9,0.784,1.2,4.4,6.1,2.4,2.8,1.8,1.5,2.0,2022-23
200179,Player_179,1610612764,WAS,77,36.7,25.1,10.0,22.6,0.484,0.6,5.1,0.406,5.0,6.3,0.724,2.3,7.7,7.5,1.4,1.7,1.8,1.5,2.5,2022-23
200180,Player_180,1610612737,ATL,77,28.6,15.9,6.4,14.3,0.521,2.4,1.6,0.38,3.2,4.0,0.797,1.2,3.7,3.4,4.9,3.0,2.0,1.3,2.1,2022-23
200181,Player_181,1610612738,BOS,71,22.8,10.3,4.1,9.3,0.438,2.1,8.8,0.34,2.1,2.6,0.734,1.3,5.1,10.0,2.5,2.3,1.0,1.5,3.2,2022-23
200182,Player_182,1610612751,BKN,65,24.5,7.1,2.8,6.4,0.548,2.2,4.7,0.378,1.4,1.8,0.82,2.3,5.1,8.2,7.9,2.5,0.6,2.0,2.8,2022-23
200183,Player_183,1610612766,CHA,67,8.5,4.1,1.6,3.7,0.535,2.0,4.1,0.318,0.8,1.0,0.886,1.4,6.7,7.1,1.8,0.9,1.0,0.2,1.9,2022-23
200184,Player_184,1610612741,CHI,63,14.9,4.3,1.7,3.9,0.543,1.0,5.8,0.347,0.9,1.1,0.776,1.8,3.2,7.3,3.5,1.1,1.8,0.5,2.5,2022-23
200185,Player_185,1610612739,CLE,77,31.7,19.6,7.8,17.6,0.491,3.2,3.8,0.368,3.9,4.9,0.745,0.7,4.9,4.6,6.2,0.9,0.6,1.3,1.7,2022-23
200186,Player_186,1610612742,DAL,79,29.3,17.0,6.8,15.3,0.545,3.3,2.2,0.386,3.4,4.2,0.851,0.7,2.6,3.3,4.5,3.2,0.9,0.5,2.7,2022-23
200187,Player_187,1610612743,DEN,70,31.2,19.9,8.0,17.9,0.519,3.3,7.1,0.334,4.0,5.0,0.873,1.6,5.1,3.9,4.0,2.7,1.7,1.8,2.6,2022-23
200188,Player_188,1610612765,DET,66,15.0,5.8,2.3,5.2,0.543,1.6,7.6,0.374,1.2,1.4,0.855,0.5,7.5,7.9,2.8,2.6,1.5,1.2,1.9,2022-23
200189,Player_189,1610612744,GSW,67,23.5,9.8,3.9,8.8,0.511,2.4,3.2,0.345,2.0,2.5,0.794,2.2,2.6,5.5,1.7,2.6,1.1,0.7,3.2,2022-23
200190,Player_190,1610612745,HOU,69,8.1,4.9,2.0,4.4,0.438,1.4,4.6,0.317,1.0,1.2,0.785,2.3,3.6,4.5,5.1,2.6,1.4,0.3,3.3,2022-23
200191,Player_191,1610612754,IND,81,22.5,9.4,3.8,8.5,0.529,1.3,6.2,0.328,1.9,2.4,0.814,1.9,4.8,4.8,3.4,3.1,0.5,1.8,2.0,2022-23
200192,Player_192,1610612746,LAC,79,21.1,9.0,3.6,8.1,0.528,2.2,4.6,0.381,1.8,2.2,0.724,2.4,7.3,6.3,6.8,3.3,0.6,0.7,1.9,2022-23
200193,Player_193,1610612747,LAL,81,18.3,11.9,4.8,10.7,0.435,2.4,6.6,0.304,2.4,3.0,0.767,1.3,7.4,7.8,5.4,1.1,0.9,1.0,2.1,2022-23
200194,Player_194,1610612763,MEM,71,24.1,11.5,4.6,10.3,0.49,2.8,8.8,0.418,2.3,2.9,0.832,1.1,5.5,3.0,2.1,3.2,1.6,0.6,2.3,2022-23
200195,Player_195,1610612748,MIA,74,35.2,30.9,12.4,27.8,0.548,1.0,8.1,0.331,6.2,7.7,0.723,0.3,7.0,2.5,7.7,1.3,1.7,1.8,1.7,2022-23
200196,Player_196,1610612749,MIL,75,28.1,14.2,5.7,12.8,0.483,2.5,3.3,0.402,2.8,3.5,0.796,1.8,4.8,3.1,8.0,2.9,2.0,1.7,2.4,2022-23
200197,Player_197,1610612750,MIN,74,24.4,11.0,4.4,9.9,0.446,0.8,7.0,0.368,2.2,2.8,0.846,1.6,2.1,9.8,1.9,2.7,1.4,0.6,3.2,2022-23
200198,Player_198,1610612740,NOP,73,32.2,12.6,5.0,11.3,0.441,1.0,1.6,0.337,2.5,3.1,0.755,1.4,4.9,7.6,4.6,3.0,1.8,1.2,3.2,2022-23
200199,Player_199,1610612752,NYK,56,9.9,4.6,1.8,4.1,0.428,2.8,1.8,0.358,0.9,1.1,0.886,2.2,2.3,5.4,3.3,1.0,0.6,1.2,2.2,2022-23
200200,Player_200,1610612760,OKC,76,36.2,30.8,12.3,27.7,0.51,0.7,1.5,0.401,6.2,7.7,0.894,1.5,5.1,3.4,4.9,0.9,1.7,1.1,2.9,2022-23
200201,Player_201,1610612753,ORL,71,23.5,10.4,4.2,9.4,0.468,1.4,7.2,0.385,2.1,2.6,0.88,2.0,2.4,9.7,6.2,1.7,1.4,1.6,1.8,2022-23
200202,Player_202,1610612755,PHI,56,8.2,4.6,1.8,4.1,0.445,1.3,2.0,0.35,0.9,1.1,0.753,2.1,7.2,2.7,6.4,0.9,1.1,0.4,2.6,2022-23
200203,Player_203,1610612756,PHX,63,16.4,2.9,1.2,2.6,0.519,1.3,6.1,0.31,0.6,0.7,0.797,2.3,5.1,2.8,5.9,3.2,0.7,0.5,1.6,2022-23
200204,Player_204,1610612757,POR,66,22.9,11.5,4.6,10.3,0.54,1.1,4.7,0.409,2.3,2.9,0.898,0.9,7.7,6.1,5.5,2.9,1.0,1.7,3.3,2022-23
200205,Player_205,1610612758,SAC,66,18.5,6.7,2.7,6.0,0.52,3.1,4.6,0.315,1.3,1.7,0.849,2.2,2.7,5.7,5.5,2.8,1.9,0.6,3.3,2022-23
200206,Player_206,1610612759,SAS,61,13.9,4.0,1.6,3.6,0.537,2.2,3.1,0.351,0.8,1.0,0.766,2.4,2.6,6.0,7.9,2.2,1.1,1.4,2.0,2022-23
200207,Player_207,1610612761,TOR,52,12.1,3.9,1.6,3.5,0.509,2.5,5.3,0.372,0.8,1.0,0.873,2.1,5.1,9.5,4.2,1.6,0.7,0.6,2.9,2022-23
200208,Player_208,1610612762,UTA,63,22.8,6.8,2.7,6.1,0.473,1.2,5.2,0.404,1.4,1.7,0.76,2.4,5.0,3.8,5.7,3.1,1.2,1.8,3.0,2022-23
200209,Player_209,1610612764,WAS,74,28.7,18.8,7.5,16.9,0.541,1.3,1.6,0.351,3.8,4.7,0.888,1.2,2.6,5.6,7.9,1.3,1.9,0.4,1.7,2022-23
200210,Player_210,1610612737,ATL,78,37.8,25.3,10.1,22.8,0.463,0.9,5.7,0.315,5.1,6.3,0.835,2.2,5.1,4.2,3.2,1.8,1.9,1.7,2.6,2022-23
200211,Player_211,1610612738,BOS,72,19.8,6.6,2.6,5.9,0.436,0.6,2.3,0.312,1.3,1.6,0.848,2.2,6.9,9.9,7.2,2.0,1.1,0.8,1.9,2022-23
200212,Player_212,1610612751,BKN,75,19.4,9.8,3.9,8.8,0.445,1.7,8.2,0.308,2.0,2.5,0.774,0.4,4.7,7.6,1.0,2.6,1.4,1.8,2.4,2022-23
200213,Player_213,1610612766,CHA,72,30.3,17.5,7.0,15.8,0.502,0.8,2.7,0.388,3.5,4.4,0.838,1.6,6.7,3.6,1.5,3.5,1.2,1.9,2.7,2022-23
200214,Player_214,1610612741,CHI,68,26.7,7.8,3.1,7.0,0.534,1.4,5.9,0.394,1.6,1.9,0.857,2.0,8.0,9.7,2.4,1.8,1.2,1.5,2.9,2022-23
200215,Player_215,1610612739,CLE,64,21.4,7.7,3.1,6.9,0.534,1.8,5.0,0.415,1.5,1.9,0.883,0.9,7.3,6.6,5.6,2.0,2.0,1.4,2.2,2022-23
200216,Player_216,1610612742,DAL,64,18.6,11.2,4.5,10.1,0.421,1.0,5.6,0.345,2.2,2.8,0.799,1.4,3.1,8.7,3.4,3.1,0.7,0.8,2.8,2022-23
200217,Player_217,1610612743,DEN,75,33.6,13.7,5.5,12.3,0.539,3.5,4.3,0.342,2.7,3.4,0.742,1.4,3.3,4.4,6.3,2.0,0.7,0.7,1.9,2022-23
200218,Player_218,1610612765,DET,81,33.1,18.0,7.2,16.2,0.549,1.7,2.0,0.372,3.6,4.5,0.714,1.8,6.2,3.6,6.3,1.5,1.0,0.3,2.4,2022-23
200219,Player_219,1610612744,GSW,77,29.6,17.1,6.8,15.4,0.459,1.2,7.1,0.337,3.4,4.3,0.742,2.4,7.1,6.1,1.5,2.2,0.5,1.7,2.3,2022-23
200220,Player_220,1610612745,HOU,78,29.0,18.1,7.2,16.3,0.503,1.0,6.5,0.394,3.6,4.5,0.856,1.6,2.6,3.8,3.1,3.3,0.6,1.2,3.3,2022-23
200221,Player_221,1610612754,IND,69,21.2,11.3,4.5,10.2,0.497,2.5,4.4,0.355,2.3,2.8,0.823,2.2,4.1,6.7,6.3,3.4,0.6,0.3,1.6,2022-23
200222,Player_222,1610612746,LAC,72,29.0,16.2,6.5,14.6,0.441,3.1,8.0,0.356,3.2,4.0,0.766,2.3,5.8,3.7,6.7,1.6,1.8,1.2,2.9,2022-23
200223,Player_223,1610612747,LAL,65,25.4,6.3,2.5,5.7,0.519,1.4,2.2,0.373,1.3,1.6,0.898,0.4,2.1,3.9,1.9,2.8,1.4,0.3,1.7,2022-23
200224,Player_224,1610612763,MEM,61,19.5,7.3,2.9,6.6,0.523,3.3,7.8,0.302,1.5,1.8,0.75,2.1,6.6,3.9,6.4,1.6,2.0,1.8,3.3,2022-23
200225,Player_225,1610612748,MIA,63,24.8,9.2,3.7,8.3,0.492,2.8,1.9,0.327,1.8,2.3,0.867,1.2,3.0,4.7,6.0,2.5,1.4,0.9,3.0,2022-23
200226,Player_226,1610612749,MIL,66,26.0,10.3,4.1,9.3,0.538,1.5,3.6,0.379,2.1,2.6,0.893,0.9,3.1,2.9,4.3,3.2,1.8,1.6,2.0,2022-23
200227,Player_227,1610612750,MIN,81,23.8,6.7,2.7,6.0,0.518,1.8,6.4,0.369,1.3,1.7,0.831,0.4,5.8,6.8,7.9,1.0,1.0,1.7,2.3,2022-23
200228,Player_228,1610612740,NOP,62,8.2,2.3,0.9,2.1,0.544,0.7,6.7,0.354,0.5,0.6,0.801,1.9,3.4,6.4,5.7,1.3,1.0,1.1,1.6,2022-23
200229,Player_229,1610612752,NYK,60,9.1,2.0,0.8,1.8,0.426,3.3,8.7,0.357,0.4,0.5,0.817,2.2,3.4,5.6,7.2,1.8,1.9,1.4,3.0,2022-23
200230,Player_230,1610612760,OKC,80,26.6,10.5,4.2,9.5,0.446,3.4,7.6,0.362,2.1,2.6,0.782,1.2,5.6,7.8,5.8,1.4,1.3,1.2,1.9,2022-23
200231,Player_231,1610612753,ORL,74,33.4,16.7,6.7,15.0,0.453,0.8,6.1,0.389,3.3,4.2,0.74,1.7,7.8,7.7,5.2,1.0,2.0,1.0,2.5,2022-23
200232,Player_232,1610612755,PHI,78,23.1,8.8,3.5,7.9,0.448,1.1,3.8,0.365,1.8,2.2,0.826,2.1,4.1,4.1,3.9,1.3,0.8,0.3,1.6,2022-23
200233,Player_233,1610612756,PHX,75,33.7,14.7,5.9,13.2,0.436,1.1,3.4,0.409,2.9,3.7,0.773,2.4,2.5,9.0,4.2,3.2,1.6,0.7,2.3,2022-23
200234,Player_234,1610612757,POR,72,24.8,7.4,3.0,6.7,0.464,2.6,8.5,0.409,1.5,1.9,0.807,1.9,4.4,4.3,5.6,1.6,0.8,1.5,3.3,2022-23
200235,Player_235,1610612758,SAC,76,25.1,6.3,2.5,5.7,0.542,2.1,5.8,0.386,1.3,1.6,0.801,0.8,6.9,7.3,3.0,3.4,1.7,0.8,1.5,2022-23
200236,Player_236,1610612759,SAS,45,11.3,2.4,1.0,2.2,0.536,1.5,3.6,0.354,0.5,0.6,0.899,1.4,2.2,7.2,4.8,1.0,1.8,0.4,1.6,2022-23
200237,Player_237,1610612761,TOR,71,18.5,8.9,3.6,8.0,0.471,2.7,1.8,0.342,1.8,2.2,0.798,1.5,6.2,5.3,2.5,1.9,0.9,1.5,1.6,2022-23
200238,Player_238,1610612762,UTA,43,11.2,5.5,2.2,5.0,0.506,3.3,8.5,0.311,1.1,1.4,0.785,1.6,7.0,6.0,4.3,2.3,1.9,0.7,2.8,2022-23
200239,Player_239,1610612764,WAS,48,11.2,3.8,1.5,3.4,0.505,1.9,7.8,0.331,0.8,0.9,0.9,2.3,4.2,8.9,8.0,3.5,0.9,1.1,2.5,2022-23
200240,Player_240,1610612737,ATL,64,26.2,6.4,2.6,5.8,0.48,2.3,5.1,0.308,1.3,1.6,0.774,1.3,4.9,9.8,4.0,2.4,0.6,0.6,1.6,2022-23
200241,Player_241,1610612738,BOS,75,27.2,9.0,3.6,8.1,0.449,0.7,2.4,0.307,1.8,2.2,0.893,1.9,2.5,3.7,6.0,1.4,1.3,0.5,3.3,2022-23
200242,Player_242,1610612751,BKN,71,27.1,7.8,3.1,7.0,0.491,1.7,2.4,0.326,1.6,1.9,0.795,1.9,3.2,3.7,4.6,1.1,1.1,1.2,2.5,2022-23
200243,Player_243,1610612766,CHA,58,17.0,2.3,0.9,2.1,0.44,0.8,7.7,0.303,0.5,0.6,0.816,2.2,7.6,7.1,7.8,2.6,1.9,1.7,1.6,2022-23
200244,Player_244,1610612741,CHI,81,21.3,8.4,3.4,7.6,0.439,1.2,2.2,0.369,1.7,2.1,0.867,0.8,5.4,4.0,1.4,1.1,1.1,0.6,1.7,2022-23
200245,Player_245,1610612739,CLE,71,23.7,10.0,4.0,9.0,0.48,2.0,8.1,0.304,2.0,2.5,0.793,2.2,5.1,4.2,2.7,2.5,1.7,1.7,2.5,2022-23
200246,Player_246,1610612742,DAL,63,13.7,3.0,1.2,2.7,0.539,2.9,8.0,0.406,0.6,0.8,0.754,1.0,6.8,9.5,6.7,1.4,2.0,1.3,2.5,2022-23
200247,Player_247,1610612743,DEN,50,13.9,5.6,2.2,5.0,0.481,2.2,6.0,0.384,1.1,1.4,0.819,2.2,2.6,9.6,2.4,1.6,1.7,0.9,2.7,2022-23
200248,Player_248,1610612765,DET,80,22.0,6.8,2.7,6.1,0.428,2.6,5.2,0.303,1.4,1.7,0.796,1.2,5.8,4.0,3.5,2.4,1.6,0.7,2.9,2022-23
200249,Player_249,1610612744,GSW,63,23.4,9.1,3.6,8.2,0.457,2.9,4.8,0.343,1.8,2.3,0.719,0.7,5.3,6.1,7.8,1.3,0.7,1.4,2.3,2022-23
200250,Player_250,1610612745,HOU,80,31.9,12.4,5.0,11.2,0.547,1.9,6.2,0.324,2.5,3.1,0.853,1.0,7.1,8.8,1.7,2.5,1.7,1.1,2.9,2022-23
200251,Player_251,1610612754,IND,73,31.6,17.0,6.8,15.3,0.54,1.8,6.8,0.31,3.4,4.2,0.701,2.4,6.3,3.6,4.9,1.1,1.6,0.9,1.6,2022-23
200252,Player_252,1610612746,LAC,81,34.8,25.9,10.4,23.3,0.544,3.1,4.4,0.302,5.2,6.5,0.777,2.0,2.6,3.9,2.9,1.0,1.0,0.8,2.4,2022-23
200253,Player_253,1610612747,LAL,79,36.0,25.8,10.3,23.2,0.432,0.8,2.1,0.359,5.2,6.5,0.736,1.1,4.3,3.3,7.7,2.5,1.6,1.4,2.4,2022-23
200254,Player_254,1610612763,MEM,58,17.4,3.3,1.3,3.0,0.477,2.5,7.7,0.411,0.7,0.8,0.823,1.8,7.7,6.4,7.1,2.3,1.7,1.3,2.0,2022-23
200255,Player_255,1610612748,MIA,74,29.6,14.5,5.8,13.1,0.511,3.1,2.7,0.368,2.9,3.6,0.832,1.5,2.4,7.3,3.3,1.4,1.1,1.5,2.6,2022-23
200256,Player_256,1610612749,MIL,70,30.1,13.3,5.3,12.0,0.535,1.4,8.1,0.386,2.7,3.3,0.889,1.6,6.6,3.8,5.7,2.3,1.2,0.6,2.9,2022-23
200257,Player_257,1610612750,MIN,61,18.9,11.2,4.5,10.1,0.433,1.5,7.6,0.367,2.2,2.8,0.822,1.5,5.5,2.6,5.9,2.9,2.0,1.4,2.6,2022-23
200258,Player_258,1610612740,NOP,60,22.7,8.0,3.2,7.2,0.546,0.8,2.7,0.361,1.6,2.0,0.786,2.2,3.8,7.9,4.0,1.8,0.7,1.7,1.9,2022-23
200259,Player_259,1610612752,NYK,67,34.8,30.6,12.2,27.5,0.446,3.3,6.5,0.383,6.1,7.7,0.73,1.7,7.2,7.6,1.5,2.0,1.5,0.4,2.2,2022-23
200260,Player_260,1610612760,OKC,78,24.4,11.0,4.4,9.9,0.505,3.3,1.6,0.342,2.2,2.8,0.713,1.1,3.5,4.3,3.0,1.6,1.3,1.4,2.0,2022-23
200261,Player_261,1610612753,ORL,81,29.8,15.3,6.1,13.8,0.524,3.2,2.3,0.346,3.1,3.8,0.87,0.7,6.7,9.1,2.9,3.4,1.7,0.5,2.6,2022-23
200262,Player_262,1610612755,PHI,78,31.1,15.7,6.3,14.1,0.5,1.6,5.5,0.309,3.1,3.9,0.812,2.4,5.4,9.0,7.1,3.4,0.5,1.4,3.3,2022-23
200263,Player_263,1610612756,PHX,67,20.7,8.7,3.5,7.8,0.436,1.1,6.8,0.321,1.7,2.2,0.867,0.9,4.4,4.7,3.3,3.0,1.6,0.9,2.2,2022-23
200264,Player_264,1610612757,POR,64,18.5,10.1,4.0,9.1,0.496,2.3,3.0,0.308,2.0,2.5,0.896,0.6,7.2,5.1,7.0,2.5,0.5,1.8,3.0,2022-23
200265,Player_265,1610612758,SAC,63,21.3,9.6,3.8,8.6,0.427,2.1,2.8,0.343,1.9,2.4,0.76,1.1,3.0,8.4,6.1,3.0,1.2,1.5,1.8,2022-23
200266,Player_266,1610612759,SAS,73,21.1,11.6,4.6,10.4,0.449,1.4,8.6,0.311,2.3,2.9,0.854,2.2,5.6,2.6,6.3,1.9,1.6,0.4,2.7,2022-23
200267,Player_267,1610612761,TOR,77,31.2,12.1,4.8,10.9,0.54,3.3,6.7,0.345,2.4,3.0,0.706,1.9,4.4,4.8,3.4,1.0,0.7,1.5,2.2,2022-23
200268,Player_268,1610612762,UTA,80,37.5,26.4,10.6,23.8,0.518,0.8,8.4,0.407,5.3,6.6,0.728,1.2,5.1,2.5,3.0,1.5,1.3,0.2,2.4,2022-23
200269,Player_269,1610612764,WAS,72,30.2,16.5,6.6,14.8,0.519,0.8,5.7,0.319,3.3,4.1,0.86,1.3,6.2,4.5,1.6,1.7,1.1,1.6,2.0,2022-23
200270,Player_270,1610612737,ATL,46,11.4,5.7,2.3,5.1,0.519,1.9,5.2,0.395,1.1,1.4,0.786,1.4,6.6,4.2,7.5,2.5,1.5,1.9,1.6,2022-23
200271,Player_271,1610612738,BOS,74,28.8,17.1,6.8,15.4,0.499,0.9,4.3,0.364,3.4,4.3,0.849,0.4,3.0,5.2,1.4,2.2,1.7,1.3,3.4,2022-23
200272,Player_272,1610612751,BKN,81,26.2,9.2,3.7,8.3,0.536,1.0,9.0,0.342,1.8,2.3,0.767,1.9,4.9,3.2,6.8,3.1,1.8,1.2,2.1,2022-23
200273,Player_273,1610612766,CHA,60,17.2,5.6,2.2,5.0,0.49,0.5,2.4,0.358,1.1,1.4,0.845,0.4,5.2,5.9,2.0,1.9,1.0,1.7,1.9,2022-23
200274,Player_274,1610612741,CHI,64,15.3,5.6,2.2,5.0,0.433,2.8,3.0,0.406,1.1,1.4,0.78,1.8,6.6,6.3,4.0,1.9,1.8,2.0,2.9,2022-23
200275,Player_275,1610612739,CLE,62,23.1,7.4,3.0,6.7,0.535,3.0,7.3,0.315,1.5,1.9,0.804,1.3,3.4,7.5,7.4,2.3,1.9,1.7,2.3,2022-23
200276,Player_276,1610612742,DAL,71,35.8,27.6,11.0,24.8,0.449,2.0,7.2,0.361,5.5,6.9,0.767,0.6,6.0,9.0,4.5,1.2,0.8,1.5,1.8,2022-23
200277,Player_277,1610612743,DEN,63,21.0,6.2,2.5,5.6,0.476,2.5,4.3,0.38,1.2,1.6,0.795,2.0,2.8,7.3,7.1,3.2,1.8,1.8,3.3,2022-23
200278,Player_278,1610612765,DET,65,23.0,7.2,2.9,6.5,0.465,3.2,8.7,0.313,1.4,1.8,0.796,1.0,3.9,6.8,4.3,3.5,1.5,2.0,1.7,2022-23
200279,Player_279,1610612744,GSW,71,21.3,11.8,4.7,10.6,0.516,2.8,8.0,0.389,2.4,3.0,0.896,1.9,2.3,7.9,3.6,2.2,1.1,1.2,3.3,2022-23
200280,Player_280,1610612745,HOU,78,33.8,18.3,7.3,16.5,0.516,1.7,5.3,0.388,3.7,4.6,0.807,0.4,5.8,9.7,6.0,3.2,0.7,1.1,2.4,2022-23
200281,Player_281,1610612754,IND,75,22.4,6.9,2.8,6.2,0.488,0.9,5.5,0.388,1.4,1.7,0.833,2.0,4.1,8.4,5.2,2.8,1.1,0.5,3.5,2022-23
200282,Player_282,1610612746,LAC,69,17.2,5.0,2.0,4.5,0.468,0.8,6.7,0.404,1.0,1.2,0.838,1.5,5.3,3.5,2.5,1.3,1.1,1.2,2.5,2022-23
200283,Player_283,1610612747,LAL,73,31.6,13.5,5.4,12.2,0.432,2.3,7.4,0.307,2.7,3.4,0.767,0.7,6.2,9.1,2.3,3.3,0.9,0.5,3.5,2022-23
200284,Player_284,1610612763,MEM,71,23.7,8.1,3.2,7.3,0.438,3.3,5.8,0.388,1.6,2.0,0.859,1.5,4.0,6.6,7.8,3.0,2.0,0.5,1.7,2022-23
200285,Player_285,1610612748,MIA,69,21.2,10.0,4.0,9.0,0.444,1.6,8.5,0.344,2.0,2.5,0.741,0.9,5.0,6.1,1.7,1.1,0.8,1.5,2.4,2022-23
200286,Player_286,1610612749,MIL,77,28.1,17.5,7.0,15.8,0.465,0.6,2.4,0.39,3.5,4.4,0.749,0.9,4.9,3.7,7.8,1.8,1.1,0.3,2.6,2022-23
200287,Player_287,1610612750,MIN,60,19.7,8.5,3.4,7.7,0.465,3.1,2.3,0.415,1.7,2.1,0.875,0.4,2.5,5.8,1.6,3.4,0.4,1.9,2.8,2022-23
200288,Player_288,1610612740,NOP,76,19.3,9.9,4.0,8.9,0.454,2.8,7.7,0.352,2.0,2.5,0.791,0.8,5.5,3.1,3.0,1.3,1.8,1.5,3.0,2022-23
200289,Player_289,1610612752,NYK,74,26.7,6.8,2.7,6.1,0.446,3.3,4.8,0.343,1.4,1.7,0.757,1.7,4.7,3.8,6.4,1.2,1.0,1.2,1.6,2022-23
200290,Player_290,1610612760,OKC,69,18.3,6.4,2.6,5.8,0.481,1.5,4.5,0.31,1.3,1.6,0.824,1.9,3.3,3.8,1.3,2.1,1.5,1.5,1.6,2022-23
200291,Player_291,1610612753,ORL,60,16.3,5.9,2.4,5.3,0.468,1.7,8.3,0.333,1.2,1.5,0.875,0.6,4.0,5.7,5.3,2.8,0.6,0.9,2.2,2022-23
200292,Player_292,1610612755,PHI,76,32.4,15.6,6.2,14.0,0.486,2.1,6.8,0.367,3.1,3.9,0.842,1.4,6.2,8.9,1.6,2.8,1.7,1.5,2.0,2022-23
200293,Player_293,1610612756,PHX,72,30.0,19.3,7.7,17.4,0.508,3.1,8.9,0.365,3.9,4.8,0.876,1.4,5.2,6.8,7.1,1.5,1.6,0.8,1.7,2022-23
200294,Player_294,1610612757,POR,44,13.1,5.7,2.3,5.1,0.532,1.7,5.3,0.419,1.1,1.4,0.793,0.6,6.0,6.6,2.3,1.3,1.9,0.3,2.7,2022-23
200295,Player_295,1610612758,SAC,80,19.4,8.2,3.3,7.4,0.454,1.0,2.0,0.407,1.6,2.0,0.808,1.2,6.6,6.4,3.1,1.8,1.6,0.7,2.6,2022-23
200296,Player_296,1610612759,SAS,62,16.9,5.5,2.2,5.0,0.486,2.0,8.7,0.392,1.1,1.4,0.742,1.0,4.0,8.3,4.3,2.8,0.5,1.4,2.1,2022-23
200297,Player_297,1610612761,TOR,77,28.6,17.3,6.9,15.6,0.549,3.3,7.2,0.341,3.5,4.3,0.76,2.4,2.6,4.1,6.8,2.1,1.8,0.9,2.1,2022-23
200298,Player_298,1610612762,UTA,65,24.7,10.1,4.0,9.1,0.53,1.9,2.1,0.366,2.0,2.5,0.757,1.6,3.1,8.7,2.2,1.9,0.5,1.4,1.7,2022-23
200299,Player_299,1610612764,WAS,70,22.2,10.0,4.0,9.0,0.529,1.3,6.3,0.369,2.0,2.5,0.845,1.2,7.3,4.3,6.6,2.4,1.7,1.9,1.5,2022-23
200300,Player_300,1610612737,ATL,71,35.3,24.0,9.6,21.6,0.469,0.6,8.3,0.315,4.8,6.0,0.808,2.3,5.2,5.3,5.9,3.5,1.4,1.4,1.9,2022-23
200301,Player_301,1610612738,BOS,72,32.5,18.4,7.4,16.6,0.486,3.1,2.8,0.387,3.7,4.6,0.77,0.4,3.7,5.6,6.2,1.1,1.8,0.8,1.8,2022-23
200302,Player_302,1610612751,BKN,74,31.4,19.4,7.8,17.5,0.476,2.7,1.8,0.414,3.9,4.8,0.867,2.3,6.0,6.9,3.4,1.6,0.5,0.3,1.6,2022-23
200303,Player_303,1610612766,CHA,71,32.7,13.3,5.3,12.0,0.52,1.8,8.7,0.373,2.7,3.3,0.812,1.7,5.0,6.8,5.9,3.1,1.9,1.4,3.3,2022-23
200304,Player_304,1610612741,CHI,78,21.4,7.4,3.0,6.7,0.504,1.3,5.8,0.38,1.5,1.9,0.9,1.4,7.4,5.0,5.5,2.9,1.9,1.1,3.2,2022-23
200305,Player_305,1610612739,CLE,78,20.4,9.9,4.0,8.9,0.546,2.8,3.5,0.309,2.0,2.5,0.712,1.9,6.7,7.5,5.7,3.3,1.1,1.1,2.0,2022-23
200306,Player_306,1610612742,DAL,46,10.3,5.8,2.3,5.2,0.52,1.1,3.0,0.403,1.2,1.4,0.819,0.9,4.4,3.8,5.2,1.2,0.9,1.9,2.6,2022-23
200307,Player_307,1610612743,DEN,78,30.2,19.4,7.8,17.5,0.463,1.4,5.1,0.367,3.9,4.8,0.786,2.1,6.2,9.7,3.7,2.3,1.8,0.7,3.0,2022-23
200308,Player_308,1610612765,DET,65,20.6,9.6,3.8,8.6,0.541,0.6,5.6,0.383,1.9,2.4,0.736,1.5,7.4,8.6,7.2,1.9,1.4,0.5,3.2,2022-23
200309,Player_309,1610612744,GSW,74,32.9,13.0,5.2,11.7,0.516,3.4,4.1,0.414,2.6,3.2,0.752,2.0,5.3,8.3,2.7,2.9,1.6,0.4,2.7,2022-23
200310,Player_310,1610612745,HOU,78,30.0,19.0,7.6,17.1,0.497,2.4,2.5,0.329,3.8,4.8,0.829,0.4,7.4,7.9,1.5,2.4,2.0,0.4,1.5,2022-23
200311,Player_311,1610612754,IND,75,31.3,15.8,6.3,14.2,0.504,2.8,2.0,0.35,3.2,4.0,0.729,1.7,6.0,8.6,7.0,3.5,0.5,1.7,3.4,2022-23
200312,Player_312,1610612746,LAC,65,14.6,2.1,0.8,1.9,0.444,2.2,5.0,0.322,0.4,0.5,0.778,1.0,7.1,8.0,1.0,2.3,0.5,1.9,1.6,2022-23
200313,Player_313,1610612747,LAL,75,32.8,13.6,5.4,12.2,0.442,0.9,4.3,0.368,2.7,3.4,0.859,2.0,2.2,7.4,1.1,2.3,0.7,1.7,2.3,2022-23
200314,Player_314,1610612763,MEM,57,12.0,5.7,2.3,5.1,0.541,1.2,2.2,0.362,1.1,1.4,0.81,1.3,7.8,5.7,4.9,1.0,0.5,1.2,3.3,2022-23
200315,Player_315,1610612748,MIA,62,13.0,4.3,1.7,3.9,0.42,1.7,2.2,0.358,0.9,1.1,0.855,1.4,3.8,6.0,3.5,1.2,1.6,0.6,3.2,2022-23
200316,Player_316,1610612749,MIL,68,19.4,10.9,4.4,9.8,0.437,0.5,7.2,0.417,2.2,2.7,0.829,0.5,7.5,7.4,7.0,2.6,1.2,0.3,1.7,2022-23
200317,Player_317,1610612750,MIN,47,15.2,2.4,1.0,2.2,0.546,2.0,3.8,0.337,0.5,0.6,0.787,0.3,4.1,3.9,7.9,1.7,0.7,2.0,1.7,2022-23
200318,Player_318,1610612740,NOP,77,18.1,6.6,2.6,5.9,0.426,1.8,6.9,0.382,1.3,1.6,0.705,0.4,4.2,9.1,7.3,2.1,0.7,1.5,2.1,2022-23
200319,Player_319,1610612752,NYK,63,9.0,5.1,2.0,4.6,0.53,1.7,2.5,0.363,1.0,1.3,0.851,2.5,7.4,9.4,6.2,2.9,1.0,0.4,3.5,2022-23
200320,Player_320,1610612760,OKC,73,36.6,28.2,11.3,25.4,0.486,1.9,5.9,0.356,5.6,7.0,0.814,0.5,4.4,9.6,4.8,3.4,1.0,0.3,1.5,2022-23
200321,Player_321,1610612753,ORL,66,10.6,3.2,1.3,2.9,0.442,1.8,8.6,0.376,0.6,0.8,0.893,0.8,3.7,7.6,8.0,2.6,1.6,0.5,3.1,2022-23
200322,Player_322,1610612755,PHI,73,23.7,8.8,3.5,7.9,0.431,3.4,6.1,0.367,1.8,2.2,0.808,2.5,7.5,4.4,1.2,2.9,0.8,0.5,3.5,2022-23
200323,Player_323,1610612756,PHX,60,21.2,10.5,4.2,9.5,0.45,0.7,2.4,0.396,2.1,2.6,0.885,2.4,4.4,4.6,6.6,2.1,1.7,1.7,3.4,2022-23
200324,Player_324,1610612757,POR,75,31.3,14.2,5.7,12.8,0.544,1.5,6.9,0.343,2.8,3.5,0.703,0.5,2.9,5.6,5.8,1.8,1.7,1.9,3.4,2022-23
200325,Player_325,1610612758,SAC,75,37.0,24.1,9.6,21.7,0.46,3.2,1.9,0.331,4.8,6.0,0.753,0.5,5.4,3.7,5.6,2.6,1.4,1.5,3.5,2022-23
200326,Player_326,1610612759,SAS,46,10.9,3.8,1.5,3.4,0.53,2.9,2.3,0.413,0.8,0.9,0.806,0.6,7.8,5.6,4.3,2.7,1.0,0.3,2.8,2022-23
200327,Player_327,1610612761,TOR,70,32.6,17.0,6.8,15.3,0.504,3.0,1.6,0.339,3.4,4.2,0.838,2.2,6.2,8.7,7.0,2.9,0.9,0.6,2.5,2022-23
200328,Player_328,1610612762,UTA,68,27.1,6.2,2.5,5.6,0.441,1.1,3.8,0.343,1.2,1.6,0.883,1.1,3.4,5.4,2.2,2.1,1.9,1.5,3.3,2022-23
200329,Player_329,1610612764,WAS,59,9.8,3.5,1.4,3.1,0.507,2.4,7.3,0.324,0.7,0.9,0.703,1.4,2.9,2.7,4.2,2.6,1.3,0.3,1.9,2022-23
200330,Player_330,1610612737,ATL,78,21.0,10.9,4.4,9.8,0.529,2.4,7.8,0.379,2.2,2.7,0.738,0.3,5.6,4.0,5.3,1.4,0.6,1.0,3.0,2022-23
200331,Player_331,1610612738,BOS,73,33.4,18.7,7.5,16.8,0.454,1.6,6.8,0.315,3.7,4.7,0.859,1.4,5.6,8.6,1.7,3.1,1.9,1.4,3.0,2022-23
200332,Player_332,1610612751,BKN,79,29.5,16.1,6.4,14.5,0.523,1.6,6.8,0.362,3.2,4.0,0.803,1.8,5.5,3.7,5.4,2.0,1.1,1.6,3.0,2022-23
200333,Player_333,1610612766,CHA,70,20.0,11.0,4.4,9.9,0.545,0.8,8.5,0.317,2.2,2.8,0.708,0.7,4.7,4.5,4.2,2.1,2.0,1.2,3.0,2022-23
200334,Player_334,1610612741,CHI,69,35.1,28.8,11.5,25.9,0.549,1.4,8.0,0.355,5.8,7.2,0.776,0.6,6.0,6.5,5.3,3.1,1.7,0.4,1.6,2022-23
200335,Player_335,1610612739,CLE,74,27.7,6.7,2.7,6.0,0.534,0.6,4.9,0.355,1.3,1.7,0.749,0.5,3.7,7.6,1.2,2.1,1.1,0.7,2.1,2022-23
200336,Player_336,1610612742,DAL,79,30.8,17.2,6.9,15.5,0.512,2.2,8.8,0.347,3.4,4.3,0.875,1.3,3.3,7.3,4.5,1.7,1.8,0.3,2.1,2022-23
200337,Player_337,1610612743,DEN,67,23.0,7.1,2.8,6.4,0.463,1.7,5.5,0.337,1.4,1.8,0.781,1.7,4.0,9.0,6.6,1.2,1.8,0.5,1.7,2022-23
200338,Player_338,1610612765,DET,47,16.7,4.2,1.7,3.8,0.543,3.2,5.5,0.401,0.8,1.1,0.777,1.6,6.0,8.8,5.6,3.4,0.4,1.7,2.1,2022-23
200339,Player_339,1610612744,GSW,74,32.8,13.7,5.5,12.3,0.506,2.5,4.1,0.364,2.7,3.4,0.802,1.3,3.5,6.0,1.5,2.7,1.2,1.6,1.9,2022-23
200340,Player_340,1610612745,HOU,80,31.1,19.4,7.8,17.5,0.472,3.3,5.2,0.324,3.9,4.8,0.802,1.8,6.2,6.4,4.5,1.4,0.5,0.3,2.3,2022-23
200341,Player_341,1610612754,IND,79,28.2,19.2,7.7,17.3,0.486,2.9,2.6,0.408,3.8,4.8,0.77,2.5,6.6,8.9,1.2,0.8,0.7,1.5,2.7,2022-23
200342,Player_342,1610612746,LAC,81,26.3,10.8,4.3,9.7,0.504,2.0,4.3,0.416,2.2,2.7,0.83,1.9,6.4,4.6,6.1,1.4,1.2,0.4,2.6,2022-23
200343,Player_343,1610612747,LAL,58,12.5,3.5,1.4,3.1,0.55,3.3,4.6,0.418,0.7,0.9,0.849,0.5,7.9,7.8,5.5,3.4,1.2,0.5,2.1,2022-23
200344,Player_344,1610612763,MEM,80,20.8,7.3,2.9,6.6,0.473,2.9,4.9,0.373,1.5,1.8,0.895,0.3,2.4,4.6,4.5,3.4,1.0,1.0,2.8,2022-23
200345,Player_345,1610612748,MIA,63,14.3,3.1,1.2,2.8,0.446,1.1,6.1,0.393,0.6,0.8,0.774,2.2,4.7,6.1,3.5,1.4,0.8,1.5,2.3,2022-23
200346,Player_346,1610612749,MIL,76,28.2,16.1,6.4,14.5,0.497,3.3,6.7,0.355,3.2,4.0,0.811,2.5,2.9,7.5,6.1,1.9,0.8,0.7,2.2,2022-23
200347,Player_347,1610612750,MIN,77,32.5,15.1,6.0,13.6,0.517,3.4,3.3,0.34,3.0,3.8,0.764,1.8,4.4,4.6,5.4,3.3,0.9,1.5,2.3,2022-23
200348,Player_348,1610612740,NOP,63,11.9,4.3,1.7,3.9,0.487,2.5,6.7,0.412,0.9,1.1,0.714,1.3,5.4,9.4,1.8,1.4,1.9,1.1,2.8,2022-23
200349,Player_349,1610612752,NYK,61,18.9,11.4,4.6,10.3,0.48,3.2,6.0,0.384,2.3,2.9,0.878,0.6,5.7,3.8,6.5,2.9,0.5,1.9,2.3,2022-23
200350,Player_350,1610612760,OKC,75,33.4,13.9,5.6,12.5,0.508,1.9,2.2,0.378,2.8,3.5,0.9,1.4,3.3,4.5,2.7,3.4,1.9,0.7,1.5,2022-23
200351,Player_351,1610612753,ORL,75,32.9,16.5,6.6,14.8,0.483,0.9,5.8,0.374,3.3,4.1,0.728,1.0,3.7,9.1,5.0,2.7,1.1,0.9,2.1,2022-23
200352,Player_352,1610612755,PHI,74,30.6,19.7,7.9,17.7,0.467,1.6,2.8,0.325,3.9,4.9,0.833,0.3,6.4,3.8,6.5,1.7,0.6,1.6,2.4,2022-23
200353,Player_353,1610612756,PHX,77,31.6,16.9,6.8,15.2,0.456,0.5,7.2,0.302,3.4,4.2,0.761,1.0,3.4,5.2,6.4,2.9,0.6,1.6,1.8,2022-23
200354,Player_354,1610612757,POR,80,18.6,7.9,3.2,7.1,0.508,1.8,2.5,0.307,1.6,2.0,0.846,2.4,7.3,6.1,3.1,1.2,0.9,1.7,2.9,2022-23
200355,Player_355,1610612758,SAC,57,9.7,2.8,1.1,2.5,0.511,1.6,6.2,0.392,0.6,0.7,0.843,0.8,5.5,6.6,5.3,2.0,1.3,0.9,3.2,2022-23
200356,Player_356,1610612759,SAS,78,29.1,12.8,5.1,11.5,0.46,1.3,3.5,0.308,2.6,3.2,0.89,1.1,5.9,8.0,3.6,3.2,1.5,0.3,3.1,2022-23
200357,Player_357,1610612761,TOR,73,33.9,15.2,6.1,13.7,0.541,2.8,6.9,0.419,3.0,3.8,0.879,2.2,2.3,5.3,3.4,1.0,0.6,1.4,3.1,2022-23
200358,Player_358,1610612762,UTA,75,24.0,10.7,4.3,9.6,0.514,2.9,3.8,0.395,2.1,2.7,0.8,2.4,3.0,9.9,1.6,2.4,1.5,1.8,3.0,2022-23
200359,Player_359,1610612764,WAS,68,36.8,28.9,11.6,26.0,0.505,0.8,2.6,0.343,5.8,7.2,0.739,0.3,5.7,6.0,2.6,1.4,1.3,0.4,2.0,2022-23
200360,Player_360,1610612737,ATL,69,37.9,30.1,12.0,27.1,0.48,1.8,5.6,0.345,6.0,7.5,0.726,0.8,6.8,7.0,1.5,1.4,1.0,1.4,3.1,2022-23
200361,Player_361,1610612738,BOS,70,26.1,11.4,4.6,10.3,0.515,1.0,4.1,0.303,2.3,2.9,0.848,2.3,4.3,4.8,2.9,0.8,0.9,0.2,2.6,2022-23
200362,Player_362,1610612751,BKN,66,22.0,8.1,3.2,7.3,0.455,1.5,5.7,0.367,1.6,2.0,0.847,0.6,7.8,6.4,6.9,1.0,1.0,1.5,1.7,2022-23
200363,Player_363,1610612766,CHA,74,30.9,16.6,6.6,14.9,0.441,0.5,1.5,0.373,3.3,4.2,0.786,2.0,4.0,2.5,4.6,2.0,0.7,2.0,1.7,2022-23
200364,Player_364,1610612741,CHI,74,30.1,16.2,6.5,14.6,0.537,1.7,4.9,0.36,3.2,4.0,0.82,1.1,7.6,3.1,2.7,3.4,0.8,1.7,2.9,2022-23
200365,Player_365,1610612739,CLE,69,12.2,4.7,1.9,4.2,0.421,2.1,4.0,0.369,0.9,1.2,0.887,2.4,3.9,9.5,7.9,2.1,0.6,1.9,3.3,2022-23
200366,Player_366,1610612742,DAL,63,21.6,6.2,2.5,5.6,0.445,2.6,4.4,0.341,1.2,1.6,0.793,0.7,4.6,9.5,6.6,0.9,1.1,1.7,2.0,2022-23
200367,Player_367,1610612743,DEN,66,8.1,4.4,1.8,4.0,0.537,3.0,5.5,0.387,0.9,1.1,0.726,2.2,7.7,5.0,2.8,1.5,0.9,0.3,3.1,2022-23
200368,Player_368,1610612765,DET,72,33.9,12.6,5.0,11.3,0.526,2.0,4.3,0.38,2.5,3.1,0.872,0.4,2.3,9.9,2.9,0.9,0.9,0.5,2.4,2022-23
200369,Player_369,1610612744,GSW,54,11.1,5.6,2.2,5.0,0.49,1.3,2.8,0.357,1.1,1.4,0.781,2.3,7.1,7.5,3.0,1.8,0.7,0.7,3.5,2022-23
200370,Player_370,1610612745,HOU,69,20.7,10.9,4.4,9.8,0.498,0.7,8.2,0.402,2.2,2.7,0.896,1.1,2.7,7.6,1.9,1.6,0.7,1.3,2.8,2022-23
200371,Player_371,1610612754,IND,78,32.7,17.9,7.2,16.1,0.428,0.9,4.3,0.352,3.6,4.5,0.766,1.5,3.8,5.6,1.1,1.8,1.5,1.1,2.9,2022-23
200372,Player_372,1610612746,LAC,62,20.7,11.9,4.8,10.7,0.437,1.3,5.8,0.393,2.4,3.0,0.708,2.4,4.1,8.7,5.7,2.4,0.5,1.8,2.3,2022-23
200373,Player_373,1610612747,LAL,58,17.7,2.8,1.1,2.5,0.529,2.0,6.0,0.338,0.6,0.7,0.848,2.3,6.3,6.0,6.8,2.1,1.1,1.4,2.0,2022-23
200374,Player_374,1610612763,MEM,81,27.8,6.2,2.5,5.6,0.548,3.1,8.3,0.31,1.2,1.6,0.743,1.8,3.2,2.9,3.9,3.3,2.0,1.1,2.7,2022-23
200375,Player_375,1610612748,MIA,78,33.6,14.3,5.7,12.9,0.449,1.2,6.9,0.348,2.9,3.6,0.799,2.1,6.1,9.6,6.8,1.5,1.3,0.7,2.1,2022-23
200376,Player_376,1610612749,MIL,74,22.8,8.3,3.3,7.5,0.474,1.8,4.1,0.354,1.7,2.1,0.858,1.6,2.4,3.3,1.1,1.3,0.8,0.3,2.9,2022-23
200377,Player_377,1610612750,MIN,79,24.5,9.2,3.7,8.3,0.45,1.9,4.6,0.399,1.8,2.3,0.761,1.1,3.2,2.7,7.2,3.0,1.7,0.7,1.8,2022-23
200378,Player_378,1610612740,NOP,77,20.5,8.8,3.5,7.9,0.439,3.0,8.5,0.389,1.8,2.2,0.834,1.1,3.0,4.2,3.4,2.0,1.9,1.0,3.3,2022-23
200379,Player_379,1610612752,NYK,72,31.8,18.5,7.4,16.7,0.437,0.5,4.0,0.33,3.7,4.6,0.889,1.9,2.5,7.9,2.8,2.9,1.1,0.6,3.2,2022-23
200380,Player_380,1610612760,OKC,59,12.1,4.0,1.6,3.6,0.452,3.3,6.3,0.388,0.8,1.0,0.857,2.1,6.5,4.6,5.6,2.4,1.9,1.5,2.6,2022-23
200381,Player_381,1610612753,ORL,67,10.9,5.4,2.2,4.9,0.48,1.3,2.8,0.382,1.1,1.4,0.829,1.6,7.0,9.9,1.9,3.0,1.6,1.0,2.2,2022-23
200382,Player_382,1610612755,PHI,65,23.0,10.3,4.1,9.3,0.514,0.9,3.0,0.372,2.1,2.6,0.79,1.6,6.9,8.5,5.1,3.1,0.9,1.1,2.8,2022-23
200383,Player_383,1610612756,PHX,60,27.8,11.5,4.6,10.3,0.526,3.5,8.0,0.406,2.3,2.9,0.875,0.5,3.0,5.1,2.5,2.2,0.8,0.5,1.9,2022-23
200384,Player_384,1610612757,POR,79,23.0,7.1,2.8,6.4,0.49,1.1,4.7,0.384,1.4,1.8,0.805,2.0,2.6,5.0,2.1,3.3,0.8,1.6,1.9,2022-23
200385,Player_385,1610612758,SAC,43,11.0,2.4,1.0,2.2,0.462,2.1,8.8,0.338,0.5,0.6,0.75,1.7,4.0,4.9,7.7,1.4,0.6,1.8,2.8,2022-23
200386,Player_386,1610612759,SAS,71,22.0,10.2,4.1,9.2,0.519,2.2,5.9,0.414,2.0,2.5,0.782,1.0,2.6,3.2,4.1,1.6,1.2,0.3,2.9,2022-23
200387,Player_387,1610612761,TOR,65,34.4,24.1,9.6,21.7,0.458,3.1,2.6,0.399,4.8,6.0,0.811,0.6,7.4,6.4,5.0,2.3,1.8,1.6,1.7,2022-23
200388,Player_388,1610612762,UTA,78,24.7,11.8,4.7,10.6,0.448,2.5,6.6,0.311,2.4,3.0,0.777,1.2,6.5,6.7,2.2,1.7,0.5,0.8,1.6,2022-23
200389,Player_389,1610612764,WAS,53,17.6,5.2,2.1,4.7,0.467,3.4,7.9,0.383,1.0,1.3,0.772,0.8,5.0,4.3,2.2,1.7,0.6,1.1,3.1,2022-23
200390,Player_390,1610612737,ATL,61,17.6,3.7,1.5,3.3,0.428,1.8,8.7,0.33,0.7,0.9,0.718,0.9,5.6,8.7,4.4,2.5,1.8,1.3,2.6,2022-23
200391,Player_391,1610612738,BOS,79,36.2,29.3,11.7,26.4,0.488,1.3,2.8,0.382,5.9,7.3,0.79,1.7,7.0,4.9,5.4,3.3,0.7,1.7,1.9,2022-23
200392,Player_392,1610612751,BKN,72,31.6,15.4,6.2,13.9,0.484,3.3,4.0,0.327,3.1,3.9,0.709,1.9,5.0,6.5,7.8,1.5,1.7,0.5,2.4,2022-23
200393,Player_393,1610612766,CHA,73,25.2,11.1,4.4,10.0,0.422,2.2,4.3,0.416,2.2,2.8,0.765,0.5,2.9,7.7,3.9,1.9,1.0,1.9,1.8,2022-23
200394,Player_394,1610612741,CHI,47,14.6,5.4,2.2,4.9,0.501,0.7,8.5,0.38,1.1,1.4,0.729,2.0,3.9,2.8,2.6,2.6,1.4,1.9,2.3,2022-23
200395,Player_395,1610612739,CLE,71,25.5,8.9,3.6,8.0,0.481,1.7,1.8,0.401,1.8,2.2,0.826,1.4,5.3,4.0,7.7,1.5,0.4,1.3,3.1,2022-23
200396,Player_396,1610612742,DAL,75,22.2,7.7,3.1,6.9,0.509,1.9,1.5,0.367,1.5,1.9,0.788,1.0,6.3,5.5,4.8,1.3,0.6,1.0,1.8,2022-23
200397,Player_397,1610612743,DEN,60,13.5,4.1,1.6,3.7,0.486,2.4,3.4,0.326,0.8,1.0,0.713,1.3,4.6,9.3,1.9,2.5,0.8,1.7,1.8,2022-23
200398,Player_398,1610612765,DET,68,37.1,26.8,10.7,24.1,0.457,2.4,4.2,0.377,5.4,6.7,0.846,0.8,4.7,4.4,6.1,2.2,0.5,1.5,3.1,2022-23
200399,Player_399,1610612744,GSW,74,33.7,17.0,6.8,15.3,0.533,3.4,5.2,0.328,3.4,4.2,0.731,1.4,7.4,7.4,6.4,2.0,0.9,2.0,1.9,2022-23
200400,Player_400,1610612745,HOU,48,9.2,5.5,2.2,5.0,0.529,1.4,5.7,0.368,1.1,1.4,0.846,2.4,2.1,9.5,6.8,1.1,1.5,1.4,2.1,2022-23
200401,Player_401,1610612754,IND,78,20.5,11.2,4.5,10.1,0.519,0.7,6.6,0.319,2.2,2.8,0.74,0.5,6.4,9.5,3.0,2.2,1.2,0.2,2.1,2022-23
200402,Player_402,1610612746,LAC,76,28.8,12.1,4.8,10.9,0.51,3.5,6.8,0.311,2.4,3.0,0.789,1.8,5.0,4.8,1.4,1.9,0.9,1.7,1.8,2022-23
200403,Player_403,1610612747,LAL,41,10.6,5.3,2.1,4.8,0.481,2.4,3.8,0.302,1.1,1.3,0.891,1.0,7.6,4.9,5.5,2.4,1.7,1.8,2.4,2022-23
200404,Player_404,1610612763,MEM,65,19.3,10.8,4.3,9.7,0.435,1.4,5.6,0.383,2.2,2.7,0.755,1.8,4.5,8.1,4.8,3.1,1.8,1.0,3.1,2022-23
200405,Player_405,1610612748,MIA,61,19.2,7.4,3.0,6.7,0.452,0.7,2.9,0.351,1.5,1.9,0.732,1.9,2.1,9.4,3.7,1.1,0.4,1.9,2.4,2022-23
200406,Player_406,1610612749,MIL,59,9.2,4.2,1.7,3.8,0.516,2.1,3.6,0.4,0.8,1.1,0.719,1.5,7.0,5.5,3.8,1.6,1.0,0.8,2.2,2022-23
200407,Player_407,1610612750,MIN,71,37.8,26.6,10.6,23.9,0.541,0.6,6.3,0.347,5.3,6.7,0.769,1.6,2.7,8.0,6.8,0.9,0.6,0.4,3.4,2022-23
200408,Player_408,1610612740,NOP,74,19.0,7.7,3.1,6.9,0.432,3.3,3.5,0.332,1.5,1.9,0.792,2.4,4.3,5.1,5.1,3.4,0.8,1.8,2.5,2022-23
200409,Player_409,1610612752,NYK,68,22.5,8.2,3.3,7.4,0.487,1.0,7.7,0.347,1.6,2.0,0.766,2.1,3.3,8.0,3.4,2.3,1.2,1.2,2.7,2022-23
200410,Player_410,1610612760,OKC,76,22.9,8.8,3.5,7.9,0.447,2.8,1.6,0.369,1.8,2.2,0.787,1.7,4.9,8.4,2.4,1.5,1.3,0.6,3.4,2022-23
200411,Player_411,1610612753,ORL,59,15.5,5.0,2.0,4.5,0.515,0.6,5.9,0.331,1.0,1.2,0.72,2.4,7.7,9.3,5.5,0.8,0.9,0.2,2.2,2022-23
200412,Player_412,1610612755,PHI,73,28.9,16.6,6.6,14.9,0.537,1.2,5.2,0.314,3.3,4.2,0.851,0.5,3.0,9.9,3.1,0.8,0.8,1.0,2.4,2022-23
200413,Player_413,1610612756,PHX,74,19.9,6.8,2.7,6.1,0.546,2.7,7.3,0.352,1.4,1.7,0.772,2.1,6.2,5.9,6.3,1.0,0.5,1.5,3.5,2022-23
200414,Player_414,1610612757,POR,71,33.8,19.6,7.8,17.6,0.479,1.8,3.1,0.353,3.9,4.9,0.867,2.3,4.0,4.2,4.7,1.6,1.3,1.3,3.1,2022-23
200415,Player_415,1610612758,SAC,64,24.7,9.2,3.7,8.3,0.541,2.4,7.8,0.326,1.8,2.3,0.836,0.4,2.9,3.5,7.2,2.1,1.5,2.0,3.2,2022-23
200416,Player_416,1610612759,SAS,75,19.6,7.5,3.0,6.8,0.464,1.8,6.6,0.396,1.5,1.9,0.811,2.2,7.1,6.6,1.6,2.7,1.0,1.6,1.6,2022-23
200417,Player_417,1610612761,TOR,72,19.9,8.5,3.4,7.7,0.489,1.9,4.0,0.41,1.7,2.1,0.857,2.2,3.7,9.7,3.3,1.1,1.7,0.3,3.4,2022-23
200418,Player_418,1610612762,UTA,71,28.2,13.1,5.2,11.8,0.45,2.9,1.6,0.403,2.6,3.3,0.761,2.3,4.5,7.8,2.0,2.3,0.9,0.7,2.9,2022-23
200419,Player_419,1610612764,WAS,51,16.8,4.5,1.8,4.0,0.506,0.8,8.6,0.385,0.9,1.1,0.806,2.2,6.3,5.8,5.0,2.3,1.5,1.6,2.3,2022-23
200420,Player_420,1610612737,ATL,68,21.8,7.7,3.1,6.9,0.431,1.1,8.9,0.361,1.5,1.9,0.744,1.1,4.7,6.0,4.1,2.9,1.0,1.3,2.4,2022-23
200421,Player_421,1610612738,BOS,62,21.3,11.7,4.7,10.5,0.469,0.9,7.7,0.328,2.3,2.9,0.813,0.7,2.3,4.9,7.9,3.4,1.2,0.9,3.5,2022-23
200422,Player_422,1610612751,BKN,78,27.6,6.1,2.4,5.5,0.509,3.1,2.6,0.327,1.2,1.5,0.716,2.3,4.0,9.5,4.4,2.8,1.6,0.7,2.4,2022-23
200423,Player_423,1610612766,CHA,52,13.7,5.1,2.0,4.6,0.547,0.6,7.3,0.37,1.0,1.3,0.885,1.9,2.9,8.4,3.3,1.7,1.2,1.3,1.5,2022-23
200424,Player_424,1610612741,CHI,59,12.1,4.5,1.8,4.0,0.509,0.6,2.3,0.367,0.9,1.1,0.781,1.3,3.3,9.5,3.5,1.0,1.4,1.2,2.7,2022-23
200425,Player_425,1610612739,CLE,81,35.3,30.2,12.1,27.2,0.501,2.5,5.9,0.354,6.0,7.5,0.768,0.6,5.7,10.0,3.9,1.5,1.7,1.9,3.5,2022-23
200426,Player_426,1610612742,DAL,42,16.5,4.0,1.6,3.6,0.525,0.8,6.1,0.34,0.8,1.0,0.812,1.0,2.3,8.4,1.9,2.5,0.9,1.3,2.4,2022-23
200427,Player_427,1610612743,DEN,68,10.5,4.9,2.0,4.4,0.453,1.0,8.8,0.31,1.0,1.2,0.772,1.7,7.7,4.7,5.6,0.9,1.5,1.8,1.8,2022-23
200428,Player_428,1610612765,DET,75,24.0,9.0,3.6,8.1,0.512,1.9,4.9,0.335,1.8,2.2,0.733,2.2,7.0,8.9,7.8,1.8,1.1,1.9,1.9,2022-23
200429,Player_429,1610612744,GSW,78,25.5,10.1,4.0,9.1,0.454,2.3,8.5,0.408,2.0,2.5,0.818,0.9,5.2,5.2,5.8,2.4,0.6,0.9,3.4,2022-23
200430,Player_430,1610612745,HOU,70,26.6,8.5,3.4,7.7,0.484,3.0,7.0,0.301,1.7,2.1,0.778,0.3,5.3,5.8,2.8,3.5,0.6,1.8,3.4,2022-23
200431,Player_431,1610612754,IND,40,17.7,3.8,1.5,3.4,0.459,0.9,2.7,0.389,0.8,0.9,0.754,1.2,5.6,8.4,3.0,3.0,1.3,1.5,2.9,2022-23
200432,Player_432,1610612746,LAC,60,16.7,5.3,2.1,4.8,0.436,1.0,7.7,0.375,1.1,1.3,0.706,0.7,7.3,6.7,1.8,0.9,2.0,0.7,2.8,2022-23
200433,Player_433,1610612747,LAL,75,33.5,18.1,7.2,16.3,0.538,1.4,6.6,0.319,3.6,4.5,0.751,2.1,7.6,7.9,2.1,0.9,0.5,0.8,2.2,2022-23
200434,Player_434,1610612763,MEM,65,36.2,31.9,12.8,28.7,0.508,3.1,3.4,0.396,6.4,8.0,0.877,0.6,4.5,3.2,1.2,2.9,0.5,1.2,2.5,2022-23
200435,Player_435,1610612748,MIA,81,23.9,11.4,4.6,10.3,0.516,1.9,2.4,0.371,2.3,2.9,0.838,2.4,3.8,10.0,1.4,1.4,2.0,0.9,3.5,2022-23
200436,Player_436,1610612749,MIL,46,12.7,3.2,1.3,2.9,0.527,0.9,2.7,0.397,0.6,0.8,0.856,2.0,3.2,7.9,3.8,2.6,0.7,1.9,2.7,2022-23
200437,Player_437,1610612750,MIN,68,26.5,8.6,3.4,7.7,0.458,3.4,5.2,0.342,1.7,2.1,0.812,2.1,5.1,6.4,4.7,2.1,1.5,1.7,2.7,2022-23
200438,Player_438,1610612740,NOP,74,28.6,18.4,7.4,16.6,0.527,2.7,8.8,0.346,3.7,4.6,0.827,2.0,5.1,4.7,1.8,1.4,0.5,0.7,1.7,2022-23
200439,Player_439,1610612752,NYK,74,35.9,27.0,10.8,24.3,0.527,0.7,2.3,0.348,5.4,6.8,0.821,0.8,3.3,2.7,5.1,2.3,1.2,1.9,2.5,2022-23
200440,Player_440,1610612760,OKC,64,15.6,3.5,1.4,3.1,0.425,0.9,8.1,0.358,0.7,0.9,0.85,1.7,5.5,3.4,1.2,2.4,2.0,1.3,3.0,2022-23
200441,Player_441,1610612753,ORL,77,36.6,31.2,12.5,28.1,0.533,2.5,2.5,0.368,6.2,7.8,0.735,2.1,4.2,3.3,4.3,2.1,1.9,0.4,2.0,2022-23
200442,Player_442,1610612755,PHI,50,17.3,3.1,1.2,2.8,0.528,2.5,3.5,0.361,0.6,0.8,0.776,2.3,7.7,10.0,7.1,3.3,1.4,1.1,2.7,2022-23
200443,Player_443,1610612756,PHX,56,8.8,5.0,2.0,4.5,0.472,1.3,4.2,0.342,1.0,1.2,0.735,1.4,7.9,4.6,2.5,2.6,0.8,1.5,2.7,2022-23
200444,Player_444,1610612757,POR,61,16.6,3.0,1.2,2.7,0.477,1.4,3.3,0.353,0.6,0.8,0.769,1.6,4.4,4.2,6.6,2.0,1.2,1.4,2.0,2022-23
200445,Player_445,1610612758,SAC,80,31.9,13.8,5.5,12.4,0.473,1.1,7.2,0.42,2.8,3.5,0.74,0.8,6.7,5.2,6.2,1.7,1.6,1.5,3.1,2022-23
200446,Player_446,1610612759,SAS,53,14.7,2.3,0.9,2.1,0.517,3.3,4.7,0.324,0.5,0.6,0.822,0.6,3.0,9.6,2.0,2.4,1.7,1.1,3.0,2022-23
200447,Player_447,1610612761,TOR,65,18.8,12.0,4.8,10.8,0.494,2.0,2.2,0.366,2.4,3.0,0.722,1.8,5.9,3.0,4.3,2.7,1.7,0.3,2.4,2022-23
200448,Player_448,1610612762,UTA,48,13.3,3.5,1.4,3.1,0.427,3.2,6.2,0.363,0.7,0.9,0.862,0.6,7.2,7.1,6.0,2.5,1.7,1.6,2.6,2022-23
200449,Player_449,1610612764,WAS,42,13.0,5.1,2.0,4.6,0.533,1.6,7.6,0.393,1.0,1.3,0.717,0.9,7.0,6.9,3.3,1.2,1.1,1.3,2.2,2022-23
